instance_id,question_id,question,answer,prediction,is_correct,is_intended_answer
dm-test-e470f0a87d7513bf880412524332047020422c3f,37543f32-ada9-47a7-ba64-e309514fe271,"A jacket and full skirt ensemble worn in several key scenes in what movie has fetched $ 137,000 at auction?",the 1939 movie,the classic 1939 movie,TRUE,TRUE
dm-test-e470f0a87d7513bf880412524332047020422c3f,96f93b0b-61a6-40d4-9531-8d22496453c2,"What full skirt ensemble worn in several key scenes in the 1939 movie has fetched $ 137,000 at auction?",A jacket,a jacket and full skirt ensemble,TRUE,TRUE
dm-test-e470f0a87d7513bf880412524332047020422c3f,02f55a2d-f41d-468b-be7c-1b232c154b62,"A jacket and full skirt ensemble worn in what 1939 movie has fetched $ 137,000 at auction?",several key scenes,Gone With The Wind,TRUE,FALSE
dm-test-e470f0a87d7513bf880412524332047020422c3f,37543f32-ada9-47a7-ba64-e309514fe271,"A jacket and full skirt ensemble worn in several key scenes in what movie has fetched $ 137,000 at auction?",the 1939 movie,Gone With The Wind,TRUE,TRUE
dm-test-e470f0a87d7513bf880412524332047020422c3f,0dafbb7b-e365-4361-8778-6869300d3fbc,What color has faded over time to become light gray?,its original slate blue - gray color,original slate blue,TRUE,TRUE
dm-test-e470f0a87d7513bf880412524332047020422c3f,5302f75e-2faa-4b51-a9f0-423943922c65,"A jacket and what ensemble worn in several key scenes in the 1939 movie has fetched $ 137,000 at auction?",full skirt,skirt,TRUE,TRUE
dm-test-e470f0a87d7513bf880412524332047020422c3f,96f93b0b-61a6-40d4-9531-8d22496453c2,"What full skirt ensemble worn in several key scenes in the 1939 movie has fetched $ 137,000 at auction?",A jacket,jacket and full skirt,TRUE,TRUE
dm-test-2c37d44d03ce2e91310339d884d33ee5aabf9abc,1fb39ac5-76a1-46db-a84e-b157aa0336b8,Who was held by his mother when he slipped and fell between 10 and 12 ft into the pit on Saturday around 3 pm at the Cleveland Metroparks Zoo?,The child,the boy,TRUE,TRUE
dm-test-2c37d44d03ce2e91310339d884d33ee5aabf9abc,fcc5c748-b6aa-47ab-9c41-a7ee2e482882,Who held the child when he slipped and fell between 10 and 12 ft into the pit on Saturday around 3 pm at the Cleveland Metroparks Zoo?,his mother,the boy 's mother,TRUE,TRUE
dm-test-2c37d44d03ce2e91310339d884d33ee5aabf9abc,e819fe1b-1ce6-4abe-a1e5-2b8cbfd7b54a,How far was the child held by his mother when he slipped and fell into the pit on Saturday around 3 pm at the Cleveland Metroparks Zoo?,between 10 and 12 ft,12 ft,TRUE,TRUE
dm-test-2c37d44d03ce2e91310339d884d33ee5aabf9abc,fb69a385-f887-43e1-9082-98efb2d3836e,The child was held by his mother when he slipped and fell between 10 and 12 ft into what on Saturday around 3 pm at the Cleveland Metroparks Zoo?,the pit,a cheetah exhibit,TRUE,TRUE
dm-test-2c37d44d03ce2e91310339d884d33ee5aabf9abc,dd012768-ccf4-4f62-8324-c5ed794594aa,He was rescued by his parents before emergency responders arrived on the scene ; what did he suffer from?,minor bruises,minor injuries,TRUE,TRUE
dm-test-2c37d44d03ce2e91310339d884d33ee5aabf9abc,156213b9-0ecc-4343-b37e-afe816b1335e,He was rescued by his parents before emergency responders arrived on the scene ; he suffered from minor bruises and what?,bumps,minor injuries,TRUE,TRUE
dm-test-2c37d44d03ce2e91310339d884d33ee5aabf9abc,79bb045f-328f-422f-9d67-168c1022a3d6,Who seemed to ignore the boy and his parents while in the pit?,The cheetahs,the fast feline,TRUE,TRUE
dm-test-2c37d44d03ce2e91310339d884d33ee5aabf9abc,46ad31b2-8c7f-49a1-a63a-6e1caa583c00,Who did the cheetahs seem to ignore while in the pit?,his parents,the boy,TRUE,FALSE
dm-test-2c37d44d03ce2e91310339d884d33ee5aabf9abc,2973fdb2-2642-4338-8265-7701330b3de6,Where did the cheetahs seem to ignore the boy and his parents?,the pit,a cheetah exhibit,TRUE,TRUE
dm-test-2c37d44d03ce2e91310339d884d33ee5aabf9abc,fb69a385-f887-43e1-9082-98efb2d3836e,The child was held by his mother when he slipped and fell between 10 and 12 ft into what on Saturday around 3 pm at the Cleveland Metroparks Zoo?,the pit,the cheetah pit,TRUE,TRUE
dm-test-2c37d44d03ce2e91310339d884d33ee5aabf9abc,cb8f3ace-6159-4691-899b-d7e7ef635656,Who was rescued by his parents before emergency responders arrived on the scene?,He,The boy,TRUE,TRUE
dm-test-2c37d44d03ce2e91310339d884d33ee5aabf9abc,8ad92518-5874-44bc-8a80-51e6da1e83b9,Before whom was he rescued by his parents?,emergency responders,paramedics,TRUE,TRUE
dm-test-2c37d44d03ce2e91310339d884d33ee5aabf9abc,46f76763-dace-48f3-85a1-a4d54607be42,Who was rescued by his parents before emergency responders arrived on the scene?,he,The boy,TRUE,TRUE
dm-test-2c37d44d03ce2e91310339d884d33ee5aabf9abc,dd012768-ccf4-4f62-8324-c5ed794594aa,He was rescued by his parents before emergency responders arrived on the scene ; what did he suffer from?,minor bruises,minor bumps and bruises,TRUE,TRUE
dm-test-2c37d44d03ce2e91310339d884d33ee5aabf9abc,1fb39ac5-76a1-46db-a84e-b157aa0336b8,Who was held by his mother when he slipped and fell between 10 and 12 ft into the pit on Saturday around 3 pm at the Cleveland Metroparks Zoo?,The child,the toddler,TRUE,TRUE
dm-test-2c37d44d03ce2e91310339d884d33ee5aabf9abc,cb8f3ace-6159-4691-899b-d7e7ef635656,Who was rescued by his parents before emergency responders arrived on the scene?,He,the toddler,TRUE,TRUE
dm-test-2c37d44d03ce2e91310339d884d33ee5aabf9abc,46f76763-dace-48f3-85a1-a4d54607be42,Who was rescued by his parents before emergency responders arrived on the scene?,he,the toddler,TRUE,TRUE
dm-test-2c37d44d03ce2e91310339d884d33ee5aabf9abc,dd012768-ccf4-4f62-8324-c5ed794594aa,He was rescued by his parents before emergency responders arrived on the scene ; what did he suffer from?,minor bruises,a leg injury,TRUE,FALSE
dm-test-2c37d44d03ce2e91310339d884d33ee5aabf9abc,156213b9-0ecc-4343-b37e-afe816b1335e,He was rescued by his parents before emergency responders arrived on the scene ; he suffered from minor bruises and what?,bumps,a leg injury,TRUE,FALSE
dm-test-2c37d44d03ce2e91310339d884d33ee5aabf9abc,79bb045f-328f-422f-9d67-168c1022a3d6,Who seemed to ignore the boy and his parents while in the pit?,The cheetahs,the felines,TRUE,TRUE
dm-test-2c37d44d03ce2e91310339d884d33ee5aabf9abc,6b3679fd-a903-42ce-8709-94ded0d0a63b,Who did the cheetahs seem to ignore while in the pit?,the boy,the child,TRUE,TRUE
dm-test-2c37d44d03ce2e91310339d884d33ee5aabf9abc,46ad31b2-8c7f-49a1-a63a-6e1caa583c00,Who did the cheetahs seem to ignore while in the pit?,his parents,the child,TRUE,FALSE
dm-test-2c37d44d03ce2e91310339d884d33ee5aabf9abc,1fb39ac5-76a1-46db-a84e-b157aa0336b8,Who was held by his mother when he slipped and fell between 10 and 12 ft into the pit on Saturday around 3 pm at the Cleveland Metroparks Zoo?,The child,Toddler,TRUE,TRUE
dm-test-2c37d44d03ce2e91310339d884d33ee5aabf9abc,fb69a385-f887-43e1-9082-98efb2d3836e,The child was held by his mother when he slipped and fell between 10 and 12 ft into what on Saturday around 3 pm at the Cleveland Metroparks Zoo?,the pit,cheetah exhibit,TRUE,TRUE
dm-test-2c37d44d03ce2e91310339d884d33ee5aabf9abc,b536dc5d-6c19-4609-9560-de22c55fed03,Where was the child held by his mother when he slipped and fell between 10 and 12 ft into the pit on Saturday around 3 pm?,the Cleveland Metroparks Zoo,Cleveland Metroparks Zoo,TRUE,TRUE
dm-test-2c37d44d03ce2e91310339d884d33ee5aabf9abc,cb8f3ace-6159-4691-899b-d7e7ef635656,Who was rescued by his parents before emergency responders arrived on the scene?,He,Toddler,TRUE,TRUE
dm-test-2c37d44d03ce2e91310339d884d33ee5aabf9abc,46f76763-dace-48f3-85a1-a4d54607be42,Who was rescued by his parents before emergency responders arrived on the scene?,he,Toddler,TRUE,TRUE
dm-test-2c37d44d03ce2e91310339d884d33ee5aabf9abc,79bb045f-328f-422f-9d67-168c1022a3d6,Who seemed to ignore the boy and his parents while in the pit?,The cheetahs,Cheetahs,TRUE,TRUE
dm-test-9b1af0f993d78353ebd56a1b180e882e751527b3,0b868f88-576a-46ff-b997-833c1e8fbbad,"Where is the billboard erected that features the smiling face of officer Pablo Torres after he shot dead Aaron Siler, 26, last month?",Kenosha,"kenosham , wisconsin",TRUE,TRUE
dm-test-9b1af0f993d78353ebd56a1b180e882e751527b3,190dba41-f2d9-4a2e-b319-35057747a8a9,"The billboard erected in Kenosha, Wisconsin, features the smiling face of officer Pablo Torres after who shot dead Aaron Siler, 26, last month?",he,pablo torres,TRUE,TRUE
dm-test-9b1af0f993d78353ebd56a1b180e882e751527b3,d34e6270-65b0-416e-9f47-2981f4df72fa,"The billboard erected in Kenosha, Wisconsin, features the smiling face of officer Pablo Torres after he shot who, 26, last month?",dead Aaron Siler,aaron siler,TRUE,TRUE
dm-test-9b1af0f993d78353ebd56a1b180e882e751527b3,e86e2753-213b-42e8-bcc5-008743f388cc,Torres is currently on leave while what is being held into the deadly shooting?,an investigation,the investigation,TRUE,TRUE
dm-test-9b1af0f993d78353ebd56a1b180e882e751527b3,dfc1a5ac-e36c-4688-9633-cbc0972527f1,"The billboard erected in Kenosha, Wisconsin, features the smiling face of who after he shot dead Aaron Siler, 26, last month?",officer Pablo Torres,Pablo Torres,TRUE,TRUE
dm-test-9b1af0f993d78353ebd56a1b180e882e751527b3,e86e2753-213b-42e8-bcc5-008743f388cc,Torres is currently on leave while what is being held into the deadly shooting?,an investigation,investigation,TRUE,TRUE
dm-test-9b1af0f993d78353ebd56a1b180e882e751527b3,190dba41-f2d9-4a2e-b319-35057747a8a9,"The billboard erected in Kenosha, Wisconsin, features the smiling face of officer Pablo Torres after who shot dead Aaron Siler, 26, last month?",he,torres,TRUE,TRUE
dm-test-9b1af0f993d78353ebd56a1b180e882e751527b3,cbffcf0d-c3b6-4a27-b2f2-64cb2f090557,"The billboard erected in Kenosha, Wisconsin, features what of officer Pablo Torres after he shot dead Aaron Siler, 26, last month?",the smiling face,a photograph,TRUE,FALSE
dm-test-9b1af0f993d78353ebd56a1b180e882e751527b3,dfc1a5ac-e36c-4688-9633-cbc0972527f1,"The billboard erected in Kenosha, Wisconsin, features the smiling face of who after he shot dead Aaron Siler, 26, last month?",officer Pablo Torres,Torres,TRUE,TRUE
dm-test-9b1af0f993d78353ebd56a1b180e882e751527b3,c3629c28-ae15-431f-8fad-8e3837425857,Who has called the billboard'disrespectful'and is asking for it be taken down?,Siler 's family,Siler 's family and friends,TRUE,TRUE
dm-test-81bd721b16cad47dfd8d24baca5b30b006291db2,38787a95-6767-478c-a8af-2a423e714b3f,How many matches was No 8 initially suspended for?,three matches,three,TRUE,TRUE
dm-test-81bd721b16cad47dfd8d24baca5b30b006291db2,908fb3a1-b06c-453d-a836-73976c4fff7c,Who accidentally knocked out George North during Northampton's 52 - 30 victory against Wasps on March 27?,Nathan Hughes,Hughes,TRUE,TRUE
dm-test-81bd721b16cad47dfd8d24baca5b30b006291db2,4f5f6729-7b4f-45a6-b7c7-809720955115,When did Nathan Hughes accidentally knock out George North during Northampton's 52 - 30 victory against Wasps?,March,March 27,TRUE,TRUE
dm-test-b255397ee863bd8faf9def57c0f76769153d905e,64b839cb-6dfb-45dc-b519-f544754b8db1,Who picked out his nerf toy gun on security scan?,X - ray machine,airport security,TRUE,FALSE
dm-test-b255397ee863bd8faf9def57c0f76769153d905e,f3e73f98-c62f-412f-8d08-b573779b6814,Four - year - old was then patted down and forced to hand over what?,toy,his plastic nerf gun,TRUE,TRUE
dm-test-b255397ee863bd8faf9def57c0f76769153d905e,ceecd7be-3478-45cb-91ae-cd677bdd32d4,"Who insist they have offered to post the item back to boy's home in Doncaster, South Yorkshire?",Airport,a spokesperson,TRUE,TRUE
dm-test-b255397ee863bd8faf9def57c0f76769153d905e,cea91fcc-fc49-479a-b3ef-5e9b1dcfdf70,"Who does the airport insist has offered to post the item back to boy's home in Doncaster, South Yorkshire?",they,We,TRUE,TRUE
dm-test-b255397ee863bd8faf9def57c0f76769153d905e,bc0ca82c-1cd0-4bc3-b98c-b65f6d17e77a,"What do airport insist they have offered to post back to boy's home in Doncaster, South Yorkshire?",the item,the toy,TRUE,TRUE
dm-test-b255397ee863bd8faf9def57c0f76769153d905e,e504853a-197b-4222-b2cb-e8f006d5cac7,Who was James Hayward flying with to Lanzarote?,parents,his parents,TRUE,TRUE
dm-test-b255397ee863bd8faf9def57c0f76769153d905e,c75737e3-11ad-45b3-9cdd-6b73db89f5a4,With what parents was James Hayward flying to Lanzarote?,Phil,his,TRUE,FALSE
dm-test-b255397ee863bd8faf9def57c0f76769153d905e,e504853a-197b-4222-b2cb-e8f006d5cac7,Who was James Hayward flying with to Lanzarote?,parents,father,TRUE,TRUE
dm-test-b255397ee863bd8faf9def57c0f76769153d905e,f3e73f98-c62f-412f-8d08-b573779b6814,Four - year - old was then patted down and forced to hand over what?,toy,his Nerf gun,TRUE,TRUE
dm-test-23e8c1d71474d239aa9ae37b9a05031b0054b8ce,688d3d63-d50f-4c83-84cf-261715033af8,Who has urged his players to focus on their own run - in?,Nigel Pearson,Pearson,TRUE,TRUE
dm-test-23e8c1d71474d239aa9ae37b9a05031b0054b8ce,68c96e1b-0a9f-468d-b362-773b61bffd71,What has Nigel Pearson urged his players to focus on?,their own run - in,their own job,TRUE,TRUE
dm-test-23e8c1d71474d239aa9ae37b9a05031b0054b8ce,8ae60bd1-c84c-4cfe-afee-e31308ec34dd,Who has won back - to - back league games to boost survival hopes?,Leicester,the foxes,TRUE,TRUE
dm-test-26e4e19d945cedcb489f28808c730658139c9415,a5955ee9-8912-45ab-a1a4-6aa4734693e7,Who is the latest team to be linked with Javier Hernandez?,MLS team Orlando City,orlando city,TRUE,TRUE
dm-test-26e4e19d945cedcb489f28808c730658139c9415,81c4a91a-a600-4873-b3cd-30207381b7a3,Which MLS team is linked with Javier Hernandez?,the latest team,orlando city,TRUE,TRUE
dm-test-26e4e19d945cedcb489f28808c730658139c9415,1da437a8-1c17-442c-9059-6fd22460cf8e,Who is the latest team to be linked with?,Javier Hernandez,orlando city,FALSE,FALSE
dm-test-26e4e19d945cedcb489f28808c730658139c9415,465fc17d-f5dc-41ee-95b2-974b323afed8,What have United made to Andreas Pereira?,an improved contract offer,a revised contract offer,TRUE,TRUE
cnn-test-5139ccfabee55ddb83e7937f5802c0a67aee8975,27624cbc-0b3b-48eb-8d59-0d3e2391be76,Where did the incident occur on April 7 north of Poland?,the Baltic Sea,international airspace,TRUE,FALSE
cnn-test-5139ccfabee55ddb83e7937f5802c0a67aee8975,0fb6b5e6-f13a-4e0c-bf1b-373f4a22befb,Who says plane was in international airspace?,U.S.,pentagon,TRUE,TRUE
cnn-test-5139ccfabee55ddb83e7937f5802c0a67aee8975,fa9f720c-11ce-4e4f-93c1-79667f95039b,When did the incident occur north of Poland in the Baltic Sea?,April,tuesday,TRUE,FALSE
cnn-test-5139ccfabee55ddb83e7937f5802c0a67aee8975,27624cbc-0b3b-48eb-8d59-0d3e2391be76,Where did the incident occur on April 7 north of Poland?,the Baltic Sea,over the baltic sea,TRUE,TRUE
cnn-test-5139ccfabee55ddb83e7937f5802c0a67aee8975,0fb6b5e6-f13a-4e0c-bf1b-373f4a22befb,Who says plane was in international airspace?,U.S.,the pentagon,TRUE,TRUE
cnn-test-bcdb32ae644040a721da880fff9c1d502048cd8b,2bb49a7a-3286-46db-bcd4-dec9815bae54,Who says two passengers died in an apparent murder - suicide?,Holland America,the cruise line,TRUE,TRUE
cnn-test-bcdb32ae644040a721da880fff9c1d502048cd8b,9e73c334-c796-4f7d-96da-07c296439e6e,How many people does Holland America say died in an apparent murder - suicide?,two passengers,two,TRUE,TRUE
cnn-test-bcdb32ae644040a721da880fff9c1d502048cd8b,3c58cda3-830e-4d8e-9032-a955e675ab75,How does Holland America say two passengers died?,an apparent murder - suicide,murder - suicide,TRUE,TRUE
dm-test-d83b82a9cd504218e604616be3f3c3928e3428b8,f8818784-405a-4e92-87cc-d213c02c4ce9,Who did Thierry Henry hit out at after Chelsea draw?,Arsenal striker Olivier Giroud,olivier giroud,TRUE,TRUE
dm-test-e470f0a87d7513bf880412524332047020422c3f,10ef4dc0-e37c-4f05-a226-4cfc9836b43b,"What full skirt ensemble worn in several key scenes in the 1939 movie has fetched $ 137,000 at auction?",A jacket,a jacket and full skirt ensemble,TRUE,TRUE
dm-test-e470f0a87d7513bf880412524332047020422c3f,f52c3e89-5938-4941-baad-d09808a8a08a,"A jacket and full skirt ensemble worn in what 1939 movie has fetched $ 137,000 at auction?",several key scenes,gone with the wind,TRUE,FALSE
dm-test-e470f0a87d7513bf880412524332047020422c3f,96d73f77-2115-422e-8b88-601a93814910,"A jacket and full skirt ensemble worn in several key scenes in what movie has fetched $ 137,000 at auction?",the 1939 movie,gone with the wind,TRUE,TRUE
dm-test-e470f0a87d7513bf880412524332047020422c3f,10ef4dc0-e37c-4f05-a226-4cfc9836b43b,"What full skirt ensemble worn in several key scenes in the 1939 movie has fetched $ 137,000 at auction?",A jacket,the dress,TRUE,TRUE
dm-test-e470f0a87d7513bf880412524332047020422c3f,10ef4dc0-e37c-4f05-a226-4cfc9836b43b,"What full skirt ensemble worn in several key scenes in the 1939 movie has fetched $ 137,000 at auction?",A jacket,an outfit,TRUE,TRUE
dm-test-e470f0a87d7513bf880412524332047020422c3f,5d3b7839-f3ef-495e-84a8-995dfb201ff9,What color has faded over time to become light gray?,its original slate blue - gray color,original slate blue - gray,TRUE,TRUE
dm-test-e470f0a87d7513bf880412524332047020422c3f,9c8c707b-6345-40ef-a999-932919014075,"A jacket and what ensemble worn in several key scenes in the 1939 movie has fetched $ 137,000 at auction?",full skirt,skirt,TRUE,TRUE
dm-test-e470f0a87d7513bf880412524332047020422c3f,10ef4dc0-e37c-4f05-a226-4cfc9836b43b,"What full skirt ensemble worn in several key scenes in the 1939 movie has fetched $ 137,000 at auction?",A jacket,the outfit,TRUE,TRUE
dm-test-e470f0a87d7513bf880412524332047020422c3f,10ef4dc0-e37c-4f05-a226-4cfc9836b43b,"What full skirt ensemble worn in several key scenes in the 1939 movie has fetched $ 137,000 at auction?",A jacket,a dress,TRUE,TRUE
dm-test-e470f0a87d7513bf880412524332047020422c3f,10ef4dc0-e37c-4f05-a226-4cfc9836b43b,"What full skirt ensemble worn in several key scenes in the 1939 movie has fetched $ 137,000 at auction?",A jacket,gray jacket and skirt,TRUE,TRUE
dm-test-2c37d44d03ce2e91310339d884d33ee5aabf9abc,c61bacc8-bc9c-4056-9336-e432a643ecb7,Who was held by his mother when he slipped and fell between 10 and 12 ft into the pit on Saturday around 3 pm at the Cleveland Metroparks Zoo?,The child,the toddler,TRUE,TRUE
dm-test-2c37d44d03ce2e91310339d884d33ee5aabf9abc,3e9c35b4-3eee-4251-b7c3-f1c0e70f97b8,Where was the child held by his mother when he slipped and fell between 10 and 12 ft into the pit on Saturday around 3 pm?,the Cleveland Metroparks Zoo,cleveland metroparks zoo,TRUE,TRUE
dm-test-2c37d44d03ce2e91310339d884d33ee5aabf9abc,880e5c45-39f0-45d9-a5fe-a5000aa91b83,Who was rescued by his parents before emergency responders arrived on the scene?,He,the toddler,TRUE,TRUE
dm-test-2c37d44d03ce2e91310339d884d33ee5aabf9abc,07372df3-f00a-4e65-8a26-c88c433dc39b,Before whom was he rescued by his parents?,emergency responders,paramedics,TRUE,TRUE
dm-test-2c37d44d03ce2e91310339d884d33ee5aabf9abc,2939afb6-b7e0-4023-9e45-b0127a5396e7,Who was rescued by his parents before emergency responders arrived on the scene?,he,the toddler,TRUE,TRUE
dm-test-2c37d44d03ce2e91310339d884d33ee5aabf9abc,a9e74993-c35d-4532-b1e6-9c9e4b4e9b7b,He was rescued by his parents before emergency responders arrived on the scene ; what did he suffer from?,minor bruises,a leg injury,TRUE,FALSE
dm-test-2c37d44d03ce2e91310339d884d33ee5aabf9abc,7786504f-ee8c-45f8-ab94-2c960e0bdca4,He was rescued by his parents before emergency responders arrived on the scene ; he suffered from minor bruises and what?,bumps,a leg injury,TRUE,FALSE
dm-test-2c37d44d03ce2e91310339d884d33ee5aabf9abc,aca021e8-e48a-41ad-a1ac-16b377aa8ec6,Who seemed to ignore the boy and his parents while in the pit?,The cheetahs,the felines,TRUE,TRUE
dm-test-2c37d44d03ce2e91310339d884d33ee5aabf9abc,dc75166d-cc20-40f5-8be2-1edb3ace2be8,Who did the cheetahs seem to ignore while in the pit?,the boy,the child,TRUE,TRUE
dm-test-2c37d44d03ce2e91310339d884d33ee5aabf9abc,d7f3a44c-3d3b-4a72-a968-b01bf840ea08,Who did the cheetahs seem to ignore while in the pit?,his parents,the child,TRUE,TRUE
dm-test-2c37d44d03ce2e91310339d884d33ee5aabf9abc,518824e2-946b-4e78-b48a-7f0ad38c8965,Who plans to press child endangerment charges?,Zoo,dr christopher kuhar,TRUE,FALSE
dm-test-2c37d44d03ce2e91310339d884d33ee5aabf9abc,57a87765-4568-4c02-a47b-0be82ec85623,What does Zoo plan to press?,child endangerment charges,charges,TRUE,TRUE
dm-test-2c37d44d03ce2e91310339d884d33ee5aabf9abc,518824e2-946b-4e78-b48a-7f0ad38c8965,Who plans to press child endangerment charges?,Zoo,the zoo,TRUE,TRUE
dm-test-2c37d44d03ce2e91310339d884d33ee5aabf9abc,c61bacc8-bc9c-4056-9336-e432a643ecb7,Who was held by his mother when he slipped and fell between 10 and 12 ft into the pit on Saturday around 3 pm at the Cleveland Metroparks Zoo?,The child,the two - year - old boy,TRUE,TRUE
dm-test-2c37d44d03ce2e91310339d884d33ee5aabf9abc,16bdb167-b6a2-44e3-adf2-b9b5815d5238,Who held the child when he slipped and fell between 10 and 12 ft into the pit on Saturday around 3 pm at the Cleveland Metroparks Zoo?,his mother,mother,TRUE,TRUE
dm-test-2c37d44d03ce2e91310339d884d33ee5aabf9abc,a9e74993-c35d-4532-b1e6-9c9e4b4e9b7b,He was rescued by his parents before emergency responders arrived on the scene ; what did he suffer from?,minor bruises,leg injury,TRUE,FALSE
dm-test-2c37d44d03ce2e91310339d884d33ee5aabf9abc,7786504f-ee8c-45f8-ab94-2c960e0bdca4,He was rescued by his parents before emergency responders arrived on the scene ; he suffered from minor bruises and what?,bumps,leg injury,TRUE,FALSE
dm-test-2c37d44d03ce2e91310339d884d33ee5aabf9abc,16bdb167-b6a2-44e3-adf2-b9b5815d5238,Who held the child when he slipped and fell between 10 and 12 ft into the pit on Saturday around 3 pm at the Cleveland Metroparks Zoo?,his mother,the toddler 's mother,TRUE,TRUE
dm-test-2c37d44d03ce2e91310339d884d33ee5aabf9abc,a521a119-6c07-4df7-a734-1da35bf92d83,How far was the child held by his mother when he slipped and fell into the pit on Saturday around 3 pm at the Cleveland Metroparks Zoo?,between 10 and 12 ft,10 to 12 ft,TRUE,TRUE
dm-test-2c37d44d03ce2e91310339d884d33ee5aabf9abc,880e5c45-39f0-45d9-a5fe-a5000aa91b83,Who was rescued by his parents before emergency responders arrived on the scene?,He,the child,TRUE,TRUE
dm-test-2c37d44d03ce2e91310339d884d33ee5aabf9abc,07372df3-f00a-4e65-8a26-c88c433dc39b,Before whom was he rescued by his parents?,emergency responders,firefighters and paramedics,TRUE,TRUE
dm-test-2c37d44d03ce2e91310339d884d33ee5aabf9abc,2939afb6-b7e0-4023-9e45-b0127a5396e7,Who was rescued by his parents before emergency responders arrived on the scene?,he,the child,TRUE,TRUE
dm-test-2c37d44d03ce2e91310339d884d33ee5aabf9abc,a9e74993-c35d-4532-b1e6-9c9e4b4e9b7b,He was rescued by his parents before emergency responders arrived on the scene ; what did he suffer from?,minor bruises,minor bumps and bruises,TRUE,TRUE
dm-test-2c37d44d03ce2e91310339d884d33ee5aabf9abc,dc75166d-cc20-40f5-8be2-1edb3ace2be8,Who did the cheetahs seem to ignore while in the pit?,the boy,the boy or his parents,TRUE,TRUE
dm-test-2c37d44d03ce2e91310339d884d33ee5aabf9abc,d7f3a44c-3d3b-4a72-a968-b01bf840ea08,Who did the cheetahs seem to ignore while in the pit?,his parents,the boy or his parents,TRUE,TRUE
dm-test-2c37d44d03ce2e91310339d884d33ee5aabf9abc,c61bacc8-bc9c-4056-9336-e432a643ecb7,Who was held by his mother when he slipped and fell between 10 and 12 ft into the pit on Saturday around 3 pm at the Cleveland Metroparks Zoo?,The child,boy,TRUE,TRUE
dm-test-2c37d44d03ce2e91310339d884d33ee5aabf9abc,28369a95-8833-439f-853d-b277a7abfa9d,The child was held by his mother when he slipped and fell between 10 and 12 ft into what on Saturday around 3 pm at the Cleveland Metroparks Zoo?,the pit,cheetah pit,TRUE,TRUE
dm-test-2c37d44d03ce2e91310339d884d33ee5aabf9abc,880e5c45-39f0-45d9-a5fe-a5000aa91b83,Who was rescued by his parents before emergency responders arrived on the scene?,He,boy,TRUE,TRUE
dm-test-2c37d44d03ce2e91310339d884d33ee5aabf9abc,2939afb6-b7e0-4023-9e45-b0127a5396e7,Who was rescued by his parents before emergency responders arrived on the scene?,he,boy,TRUE,TRUE
dm-test-2c37d44d03ce2e91310339d884d33ee5aabf9abc,dc75166d-cc20-40f5-8be2-1edb3ace2be8,Who did the cheetahs seem to ignore while in the pit?,the boy,the felines,FALSE,FALSE
dm-test-2c37d44d03ce2e91310339d884d33ee5aabf9abc,d7f3a44c-3d3b-4a72-a968-b01bf840ea08,Who did the cheetahs seem to ignore while in the pit?,his parents,the boy,TRUE,TRUE
dm-test-2c37d44d03ce2e91310339d884d33ee5aabf9abc,518824e2-946b-4e78-b48a-7f0ad38c8965,Who plans to press child endangerment charges?,Zoo,cleveland metroparks zoo,TRUE,TRUE
dm-test-2c37d44d03ce2e91310339d884d33ee5aabf9abc,57a87765-4568-4c02-a47b-0be82ec85623,What does Zoo plan to press?,child endangerment charges,child endangering charges,TRUE,TRUE
dm-test-2c37d44d03ce2e91310339d884d33ee5aabf9abc,c61bacc8-bc9c-4056-9336-e432a643ecb7,Who was held by his mother when he slipped and fell between 10 and 12 ft into the pit on Saturday around 3 pm at the Cleveland Metroparks Zoo?,The child,a two - year - old boy,TRUE,TRUE
dm-test-2c37d44d03ce2e91310339d884d33ee5aabf9abc,16bdb167-b6a2-44e3-adf2-b9b5815d5238,Who held the child when he slipped and fell between 10 and 12 ft into the pit on Saturday around 3 pm at the Cleveland Metroparks Zoo?,his mother,the mother,TRUE,TRUE
dm-test-2c37d44d03ce2e91310339d884d33ee5aabf9abc,7130432b-4904-4b48-898e-3a7c60c566e0,How was the child held by his mother on Saturday around 3 pm at the Cleveland Metroparks Zoo?,he,dangling him over the edge,TRUE,FALSE
dm-test-2c37d44d03ce2e91310339d884d33ee5aabf9abc,a521a119-6c07-4df7-a734-1da35bf92d83,How far was the child held by his mother when he slipped and fell into the pit on Saturday around 3 pm at the Cleveland Metroparks Zoo?,between 10 and 12 ft,10 feet,TRUE,TRUE
dm-test-2c37d44d03ce2e91310339d884d33ee5aabf9abc,28369a95-8833-439f-853d-b277a7abfa9d,The child was held by his mother when he slipped and fell between 10 and 12 ft into what on Saturday around 3 pm at the Cleveland Metroparks Zoo?,the pit,the cheetah exhibit,TRUE,TRUE
dm-test-2c37d44d03ce2e91310339d884d33ee5aabf9abc,aca021e8-e48a-41ad-a1ac-16b377aa8ec6,Who seemed to ignore the boy and his parents while in the pit?,The cheetahs,the animals,TRUE,TRUE
dm-test-9b1af0f993d78353ebd56a1b180e882e751527b3,b44a8878-1212-46f2-aa1d-23a840350bdf,"The billboard erected in Kenosha, Wisconsin, features the smiling face of who after he shot dead Aaron Siler, 26, last month?",officer Pablo Torres,pablo torres,TRUE,TRUE
dm-test-9b1af0f993d78353ebd56a1b180e882e751527b3,87c051f7-6c72-44ed-9171-43110b9a3fc0,"The billboard erected in Kenosha, Wisconsin, features the smiling face of officer Pablo Torres after who shot dead Aaron Siler, 26, last month?",he,pablo torres,TRUE,TRUE
dm-test-9b1af0f993d78353ebd56a1b180e882e751527b3,9997de88-4d19-49fc-a9b2-ebbbdb735d65,"The billboard erected in Kenosha, Wisconsin, features the smiling face of officer Pablo Torres after he shot who, 26, last month?",dead Aaron Siler,aaron siler,TRUE,TRUE
dm-test-9b1af0f993d78353ebd56a1b180e882e751527b3,fd7a3163-b958-49f1-98aa-ce449da415e2,Torres is currently on leave while what is being held into the deadly shooting?,an investigation,the investigation,TRUE,TRUE
dm-test-9b1af0f993d78353ebd56a1b180e882e751527b3,408d025e-3abf-4431-beb5-30e68acede25,"What features the smiling face of officer Pablo Torres after he shot dead Aaron Siler, 26, last month?",The billboard,billboard,TRUE,TRUE
dm-test-9b1af0f993d78353ebd56a1b180e882e751527b3,b9e159d5-2165-4e65-9f40-5834f6f5cf80,"The billboard erected in Kenosha, Wisconsin, features what of officer Pablo Torres after he shot dead Aaron Siler, 26, last month?",the smiling face,a photograph,TRUE,FALSE
dm-test-9b1af0f993d78353ebd56a1b180e882e751527b3,b44a8878-1212-46f2-aa1d-23a840350bdf,"The billboard erected in Kenosha, Wisconsin, features the smiling face of who after he shot dead Aaron Siler, 26, last month?",officer Pablo Torres,torres,TRUE,TRUE
dm-test-9b1af0f993d78353ebd56a1b180e882e751527b3,87c051f7-6c72-44ed-9171-43110b9a3fc0,"The billboard erected in Kenosha, Wisconsin, features the smiling face of officer Pablo Torres after who shot dead Aaron Siler, 26, last month?",he,torres,TRUE,TRUE
dm-test-9b1af0f993d78353ebd56a1b180e882e751527b3,fd7a3163-b958-49f1-98aa-ce449da415e2,Torres is currently on leave while what is being held into the deadly shooting?,an investigation,the outcome,FALSE,FALSE
dm-test-9b1af0f993d78353ebd56a1b180e882e751527b3,408d025e-3abf-4431-beb5-30e68acede25,"What features the smiling face of officer Pablo Torres after he shot dead Aaron Siler, 26, last month?",The billboard,a billboard,TRUE,TRUE
dm-test-9b1af0f993d78353ebd56a1b180e882e751527b3,3fd2324c-ac32-4096-ae9e-6b080e7158e8,"Where is the billboard erected that features the smiling face of officer Pablo Torres after he shot dead Aaron Siler, 26, last month?",Kenosha,"kenosham , wisconsin",TRUE,TRUE
dm-test-9b1af0f993d78353ebd56a1b180e882e751527b3,8916da93-d716-4b66-a5fc-43d2782dd26c,Who has called the billboard'disrespectful'and is asking for it be taken down?,Siler 's family,siler 's family and friends,TRUE,TRUE
dm-test-9b1af0f993d78353ebd56a1b180e882e751527b3,ba5fb632-eaab-4722-a509-570a734145b8,Siler's family and friends have called the billboard'disrespectful'and are asking for what to be taken down?,it,the billboard,TRUE,TRUE
dm-test-9b1af0f993d78353ebd56a1b180e882e751527b3,b44a8878-1212-46f2-aa1d-23a840350bdf,"The billboard erected in Kenosha, Wisconsin, features the smiling face of who after he shot dead Aaron Siler, 26, last month?",officer Pablo Torres,the officer,TRUE,TRUE
dm-test-81bd721b16cad47dfd8d24baca5b30b006291db2,e5719e73-adc5-4367-81e2-5ae0f54374c5,When did Nathan Hughes accidentally knock out George North during Northampton's 52 - 30 victory against Wasps?,March,friday night,TRUE,FALSE
dm-test-81bd721b16cad47dfd8d24baca5b30b006291db2,59849eb5-797d-41af-8e4a-7d4c735f9528,How many matches was No 8 initially suspended for?,three matches,three,TRUE,TRUE
dm-test-81bd721b16cad47dfd8d24baca5b30b006291db2,6aaa7044-0b61-4bce-b40f-30d2cccf3087,Who accidentally knocked out George North during Northampton's 52 - 30 victory against Wasps on March 27?,Nathan Hughes,hughes,TRUE,TRUE
dm-test-81bd721b16cad47dfd8d24baca5b30b006291db2,e5719e73-adc5-4367-81e2-5ae0f54374c5,When did Nathan Hughes accidentally knock out George North during Northampton's 52 - 30 victory against Wasps?,March,March 27,TRUE,TRUE
dm-test-81bd721b16cad47dfd8d24baca5b30b006291db2,d64fee7d-5d94-4b35-96c4-2dba20c91da6,What defeat did Hughes miss against Toulon?,his side 's Champions Cup,champions cup quarter - final,TRUE,TRUE
dm-test-81bd721b16cad47dfd8d24baca5b30b006291db2,8786fefb-f40c-4bbf-a241-0765ea2e58c1,What Champions Cup did Hughes miss against Toulon?,defeat,quarter - final loss,TRUE,TRUE
dm-test-81bd721b16cad47dfd8d24baca5b30b006291db2,b616ba79-4cfb-47db-ac42-b92a0488f092,What was it to the head in the space of two months?,North 's third blow,third blow,TRUE,TRUE
dm-test-81bd721b16cad47dfd8d24baca5b30b006291db2,36195fd7-9ca8-43a3-8ad0-26e5696a6ca1,What was North's third blow to in the space of two months?,the head,the clash,FALSE,FALSE
dm-test-81bd721b16cad47dfd8d24baca5b30b006291db2,d64fee7d-5d94-4b35-96c4-2dba20c91da6,What defeat did Hughes miss against Toulon?,his side 's Champions Cup,his side 's champions cup quarter - final,TRUE,TRUE
dm-test-81bd721b16cad47dfd8d24baca5b30b006291db2,8786fefb-f40c-4bbf-a241-0765ea2e58c1,What Champions Cup did Hughes miss against Toulon?,defeat,his side 's champions cup quarter - final,FALSE,FALSE
dm-test-b255397ee863bd8faf9def57c0f76769153d905e,1307d9bf-6fa0-45e6-9fb0-f7ff584b37a7,Four - year - old was then patted down and forced to hand over what?,toy,his plastic nerf gun,TRUE,TRUE
dm-test-b255397ee863bd8faf9def57c0f76769153d905e,6c6a8a88-8534-43d7-83b7-f527a11c6c67,Who was James Hayward flying with to Lanzarote?,parents,his parents,TRUE,TRUE
dm-test-b255397ee863bd8faf9def57c0f76769153d905e,fbfea82a-8f7d-4c18-bdc0-795c49609d71,With what parents was James Hayward flying to Lanzarote?,Phil,his,TRUE,TRUE
dm-test-b255397ee863bd8faf9def57c0f76769153d905e,aa1c484d-e2cc-4f90-8294-c4a878be08cd,Who picked out his nerf toy gun on security scan?,X - ray machine,security officers,TRUE,FALSE
dm-test-b255397ee863bd8faf9def57c0f76769153d905e,39716919-72cf-495d-af80-76f1ff20993c,What did X - ray machine pick out on security scan?,his nerf toy gun,toy,TRUE,TRUE
dm-test-b255397ee863bd8faf9def57c0f76769153d905e,7ea35adc-6dfd-4ab4-b610-68015e9a9e99,On what did the X - ray machine pick out his nerf toy gun?,security scan,machines,TRUE,TRUE
dm-test-b255397ee863bd8faf9def57c0f76769153d905e,7ea35adc-6dfd-4ab4-b610-68015e9a9e99,On what did the X - ray machine pick out his nerf toy gun?,security scan,system,TRUE,TRUE
dm-test-b255397ee863bd8faf9def57c0f76769153d905e,aa1c484d-e2cc-4f90-8294-c4a878be08cd,Who picked out his nerf toy gun on security scan?,X - ray machine,security,TRUE,FALSE
dm-test-b255397ee863bd8faf9def57c0f76769153d905e,39716919-72cf-495d-af80-76f1ff20993c,What did X - ray machine pick out on security scan?,his nerf toy gun,the toy,TRUE,TRUE
dm-test-b255397ee863bd8faf9def57c0f76769153d905e,1307d9bf-6fa0-45e6-9fb0-f7ff584b37a7,Four - year - old was then patted down and forced to hand over what?,toy,the toy,TRUE,TRUE
dm-test-b255397ee863bd8faf9def57c0f76769153d905e,39716919-72cf-495d-af80-76f1ff20993c,What did X - ray machine pick out on security scan?,his nerf toy gun,the harmless toy,TRUE,TRUE
dm-test-b255397ee863bd8faf9def57c0f76769153d905e,749b9189-8456-4647-b904-0cffa4c2ecab,"Who insist they have offered to post the item back to boy's home in Doncaster, South Yorkshire?",Airport,east midlands airport,TRUE,TRUE
dm-test-b255397ee863bd8faf9def57c0f76769153d905e,a1cc0c29-8d8f-4690-9729-04e1217f26a9,"Who does the airport insist has offered to post the item back to boy's home in Doncaster, South Yorkshire?",they,east midlands airport,TRUE,TRUE
dm-test-b255397ee863bd8faf9def57c0f76769153d905e,686b7a45-2320-4e88-a696-dec215271c60,"What do airport insist they have offered to post back to boy's home in Doncaster, South Yorkshire?",the item,the toy,TRUE,TRUE
dm-test-b255397ee863bd8faf9def57c0f76769153d905e,4179139e-0f2f-4060-bffb-fe7bf9c82ca3,"Where do airport insist they have offered to post the item back to in Doncaster, South Yorkshire?",boy 's home,the family 's home,TRUE,TRUE
dm-test-b255397ee863bd8faf9def57c0f76769153d905e,1307d9bf-6fa0-45e6-9fb0-f7ff584b37a7,Four - year - old was then patted down and forced to hand over what?,toy,his toy gun,TRUE,TRUE
dm-test-b255397ee863bd8faf9def57c0f76769153d905e,39716919-72cf-495d-af80-76f1ff20993c,What did X - ray machine pick out on security scan?,his nerf toy gun,harmless toy,TRUE,TRUE
dm-test-23e8c1d71474d239aa9ae37b9a05031b0054b8ce,244cfb98-2701-48f6-8744-f062c70bc5ca,Who has won back - to - back league games to boost survival hopes?,Leicester,the foxes,TRUE,TRUE
dm-test-23e8c1d71474d239aa9ae37b9a05031b0054b8ce,decf51e3-d9fa-4d25-acac-aa066c050441,Who is now just three points from safety heading into final six games?,Leicester,the foxes,TRUE,TRUE
dm-test-23e8c1d71474d239aa9ae37b9a05031b0054b8ce,0b1a447c-a3f9-4793-86a4-6ea88675f498,How far is Leicester from safety heading into final six games?,just three points,three points,TRUE,TRUE
dm-test-23e8c1d71474d239aa9ae37b9a05031b0054b8ce,efad8288-7058-4fe8-ac6a-4fad5404a15d,Who has urged his players to focus on their own run - in?,Nigel Pearson,pearson,TRUE,TRUE
dm-test-23e8c1d71474d239aa9ae37b9a05031b0054b8ce,073794b1-e453-4608-8be0-6fc8dba2b0c6,What has Nigel Pearson urged his players to focus on?,their own run - in,their own job,TRUE,TRUE
dm-test-23e8c1d71474d239aa9ae37b9a05031b0054b8ce,b9da9445-4527-4f59-b7c0-fec21a45c702,Leicester now just three points from what heading into final six games?,safety,the barclays premier league,TRUE,TRUE
dm-test-23e8c1d71474d239aa9ae37b9a05031b0054b8ce,b9da9445-4527-4f59-b7c0-fec21a45c702,Leicester now just three points from what heading into final six games?,safety,premier league safety,TRUE,TRUE
dm-test-23e8c1d71474d239aa9ae37b9a05031b0054b8ce,18e90f49-89d1-4857-b7fd-a5a45c50b1b1,Who has Nigel Pearson urged to focus on their own run - in?,his players,leicester,TRUE,TRUE
dm-test-23e8c1d71474d239aa9ae37b9a05031b0054b8ce,073794b1-e453-4608-8be0-6fc8dba2b0c6,What has Nigel Pearson urged his players to focus on?,their own run - in,keep their cool,TRUE,TRUE
dm-test-23e8c1d71474d239aa9ae37b9a05031b0054b8ce,decf51e3-d9fa-4d25-acac-aa066c050441,Who is now just three points from safety heading into final six games?,Leicester,foxes,TRUE,TRUE
dm-test-23e8c1d71474d239aa9ae37b9a05031b0054b8ce,18e90f49-89d1-4857-b7fd-a5a45c50b1b1,Who has Nigel Pearson urged to focus on their own run - in?,his players,his side,TRUE,TRUE
dm-test-23e8c1d71474d239aa9ae37b9a05031b0054b8ce,073794b1-e453-4608-8be0-6fc8dba2b0c6,What has Nigel Pearson urged his players to focus on?,their own run - in,their own jobs,TRUE,TRUE
dm-test-26e4e19d945cedcb489f28808c730658139c9415,2f537d07-4107-4593-953b-e421e5d9d60b,Who is the latest team to be linked with Javier Hernandez?,MLS team Orlando City,orlando city,TRUE,TRUE
dm-test-26e4e19d945cedcb489f28808c730658139c9415,adb4943b-b36e-41e4-ac10-3a06d9b45597,Which MLS team is linked with Javier Hernandez?,the latest team,orlando city,TRUE,TRUE
dm-test-26e4e19d945cedcb489f28808c730658139c9415,c8a20a38-4f3e-41e4-a07c-fd14298d6285,Who is the latest team to be linked with?,Javier Hernandez,orlando city,FALSE,FALSE
dm-test-26e4e19d945cedcb489f28808c730658139c9415,852592e4-2780-4ec5-ab45-a4cfde9a1615,Who has not impressed on loan at Real Madrid?,The Manchester United striker,hernandez,TRUE,TRUE
dm-test-26e4e19d945cedcb489f28808c730658139c9415,852592e4-2780-4ec5-ab45-a4cfde9a1615,Who has not impressed on loan at Real Madrid?,The Manchester United striker,javier hernandez,TRUE,TRUE
dm-test-26e4e19d945cedcb489f28808c730658139c9415,8a93d2d3-a8d5-4d64-b242-c85ddc0fae3b,Who has made Andreas Pereira an improved contract offer?,United,manchester united,TRUE,TRUE
dm-test-26e4e19d945cedcb489f28808c730658139c9415,5eda1a79-7209-4051-a16a-851fabb19dfe,What have United made to Andreas Pereira?,an improved contract offer,a revised contract,TRUE,TRUE
cnn-test-5139ccfabee55ddb83e7937f5802c0a67aee8975,b3837b5a-09a4-4485-8faf-b4b20d63f24b,What occurred on April 7 north of Poland in the Baltic Sea?,The incident,russian fighter jet intercepted a u.s . reconnaissance plane,TRUE,TRUE
cnn-test-5139ccfabee55ddb83e7937f5802c0a67aee8975,d0a1342f-ac1b-4766-ab7b-e9522b2fc0d1,When did the incident occur north of Poland in the Baltic Sea?,April,tuesday,TRUE,FALSE
cnn-test-5139ccfabee55ddb83e7937f5802c0a67aee8975,e5e6d46a-a21e-4df0-838c-98c1e3ec5e20,Where did the incident occur on April 7 north of Poland?,the Baltic Sea,over the baltic sea,TRUE,TRUE
cnn-test-5139ccfabee55ddb83e7937f5802c0a67aee8975,baf2d0bc-0479-40c4-b095-551dc8893fde,Where did the incident occur on April 7 in the Baltic Sea?,north,international airspace north of poland,TRUE,TRUE
cnn-test-5139ccfabee55ddb83e7937f5802c0a67aee8975,e5e6d46a-a21e-4df0-838c-98c1e3ec5e20,Where did the incident occur on April 7 north of Poland?,the Baltic Sea,international airspace,TRUE,TRUE
cnn-test-5139ccfabee55ddb83e7937f5802c0a67aee8975,52f164b4-c125-4a14-9d22-f8909576ced9,Who says plane was in international airspace?,U.S.,the pentagon,TRUE,TRUE
cnn-test-5139ccfabee55ddb83e7937f5802c0a67aee8975,314638fd-58e5-48bc-be11-dd7bf5f4b3ab,What does the U.S. say was in international airspace?,plane,a u.s . rc-135u,TRUE,TRUE
cnn-test-5139ccfabee55ddb83e7937f5802c0a67aee8975,baf2d0bc-0479-40c4-b095-551dc8893fde,Where did the incident occur on April 7 in the Baltic Sea?,north,north of poland,TRUE,TRUE
cnn-test-5139ccfabee55ddb83e7937f5802c0a67aee8975,b3837b5a-09a4-4485-8faf-b4b20d63f24b,What occurred on April 7 north of Poland in the Baltic Sea?,The incident,a u.s . rc-135u was flying over the baltic sea when it was intercepted by a russian su-27 flanker,TRUE,TRUE
cnn-test-5139ccfabee55ddb83e7937f5802c0a67aee8975,d0a1342f-ac1b-4766-ab7b-e9522b2fc0d1,When did the incident occur north of Poland in the Baltic Sea?,April,international airspace,FALSE,FALSE
cnn-test-5139ccfabee55ddb83e7937f5802c0a67aee8975,314638fd-58e5-48bc-be11-dd7bf5f4b3ab,What does the U.S. say was in international airspace?,plane,a u.s . reconnaissance plane,TRUE,TRUE
cnn-test-5139ccfabee55ddb83e7937f5802c0a67aee8975,5515dd4b-8c8b-4906-86e9-672714c944db,Which country says it had transponder turned off and was flying toward Russia?,Russia,russian,TRUE,TRUE
cnn-test-5139ccfabee55ddb83e7937f5802c0a67aee8975,6d5d170b-1fd4-4419-ab46-cc819e52761c,Who does Russia say had transponder turned off and was flying toward Russia?,it,the u.s . plane,TRUE,TRUE
cnn-test-5139ccfabee55ddb83e7937f5802c0a67aee8975,5ceb377d-f380-4f2d-8330-329bafd3aea5,Russia says it had transponder turned off and was flying toward what country?,Russia,russian,TRUE,TRUE
cnn-test-5139ccfabee55ddb83e7937f5802c0a67aee8975,baf2d0bc-0479-40c4-b095-551dc8893fde,Where did the incident occur on April 7 in the Baltic Sea?,north,international airspace,TRUE,FALSE
cnn-test-5139ccfabee55ddb83e7937f5802c0a67aee8975,314638fd-58e5-48bc-be11-dd7bf5f4b3ab,What does the U.S. say was in international airspace?,plane,a u.s . rc - 135u,TRUE,TRUE
cnn-test-5139ccfabee55ddb83e7937f5802c0a67aee8975,b3837b5a-09a4-4485-8faf-b4b20d63f24b,What occurred on April 7 north of Poland in the Baltic Sea?,The incident,it was intercepted,TRUE,TRUE
cnn-test-5139ccfabee55ddb83e7937f5802c0a67aee8975,e5e6d46a-a21e-4df0-838c-98c1e3ec5e20,Where did the incident occur on April 7 north of Poland?,the Baltic Sea,over baltic sea,TRUE,TRUE
cnn-test-bcdb32ae644040a721da880fff9c1d502048cd8b,e802e6ba-6454-4a53-b022-394d22706284,Who says two passengers died in an apparent murder - suicide?,Holland America,the cruise line,TRUE,TRUE
cnn-test-bcdb32ae644040a721da880fff9c1d502048cd8b,a75e05bc-0d81-443e-9722-d0c016cac950,How many people does Holland America say died in an apparent murder - suicide?,two passengers,two,TRUE,TRUE
cnn-test-bcdb32ae644040a721da880fff9c1d502048cd8b,7368dcf7-da1c-4131-85c3-a073e3c47ff7,How does Holland America say two passengers died?,an apparent murder - suicide,murder - suicide,TRUE,TRUE
cnn-test-bcdb32ae644040a721da880fff9c1d502048cd8b,e802e6ba-6454-4a53-b022-394d22706284,Who says two passengers died in an apparent murder - suicide?,Holland America,holland america line,TRUE,TRUE
cnn-test-bcdb32ae644040a721da880fff9c1d502048cd8b,99f9ae7b-9d52-47b8-a160-badd771a3132,The cabin was immediately secured and who was notified?,the authorities,authorities,TRUE,TRUE
cnn-test-bcdb32ae644040a721da880fff9c1d502048cd8b,ff572d6a-ae15-4629-8f95-bc4d6446637a,"The cabin was immediately secured and the authorities were notified, what says?",cruise line,holland,TRUE,TRUE
cnn-test-bcdb32ae644040a721da880fff9c1d502048cd8b,4502d317-f453-4f51-9c6a-573347213017,"Who is investigating the deaths ; the ship is in San Juan, Puerto Rico?",The FBI,authorities,TRUE,TRUE
cnn-test-bcdb32ae644040a721da880fff9c1d502048cd8b,eb12e7d0-fe30-4a59-871f-1069be4deb49,What is the FBI investigating?,the deaths,scene,TRUE,TRUE
cnn-test-bcdb32ae644040a721da880fff9c1d502048cd8b,2c3cf88d-a637-4e64-9c3c-2e1e3837feb1,What is the FBI investigating the deaths of?,the ship,two passengers,TRUE,FALSE
cnn-test-bcdb32ae644040a721da880fff9c1d502048cd8b,ff572d6a-ae15-4629-8f95-bc4d6446637a,"The cabin was immediately secured and the authorities were notified, what says?",cruise line,holland america,TRUE,TRUE
cnn-test-bcdb32ae644040a721da880fff9c1d502048cd8b,4502d317-f453-4f51-9c6a-573347213017,"Who is investigating the deaths ; the ship is in San Juan, Puerto Rico?",The FBI,fbi,TRUE,TRUE
dm-test-d83b82a9cd504218e604616be3f3c3928e3428b8,124e904a-c4a3-41b5-996c-afde57fac6f6,Who hit out at Arsenal striker Olivier Giroud after Chelsea draw?,Thierry Henry,henry,TRUE,TRUE
dm-test-d83b82a9cd504218e604616be3f3c3928e3428b8,1db5886b-4a5a-48c3-af70-29bb14f5f73e,Who did Thierry Henry hit out at after Chelsea draw?,Arsenal striker Olivier Giroud,olivier giroud,TRUE,TRUE
dm-test-d83b82a9cd504218e604616be3f3c3928e3428b8,683c2468-62d8-43e0-8728-e18a8a2ae6fa,After what draw did Thierry Henry hit out at Arsenal striker Olivier Giroud?,Chelsea,goalless draw with chelsea,TRUE,TRUE
dm-test-d83b82a9cd504218e604616be3f3c3928e3428b8,2044c62d-9b77-4c17-bbaa-d52fb3c3ccbe,Who does not believe Giroud can lead side to glory?,The Sky Sports pundit,thierry henry,TRUE,TRUE
dm-test-d83b82a9cd504218e604616be3f3c3928e3428b8,e9f67200-6d02-4e5a-bbca-b202cd95e1f9,Who does the Sky Sports pundit not believe can lead side to glory?,Giroud,olivier giroud,TRUE,TRUE
dm-test-d83b82a9cd504218e604616be3f3c3928e3428b8,23db6676-a94e-4500-bc2b-67f4531f0525,What does the Sky Sports pundit not believe Giroud can lead to glory?,side,the gunners,TRUE,TRUE
dm-test-d83b82a9cd504218e604616be3f3c3928e3428b8,0b176271-4318-4f9b-ae32-21e4e470592d,The Sky Sports pundit does not believe Giroud can lead side to what?,glory,win the league,TRUE,TRUE
dm-test-d83b82a9cd504218e604616be3f3c3928e3428b8,f6546b3f-e5f3-4a93-8f5a-500e1f7bed28,How many stars does Arsenal need to challenge for Premier League title?,four ' top quality ' stars,four,TRUE,TRUE
dm-test-d83b82a9cd504218e604616be3f3c3928e3428b8,7b5c4498-f588-461a-bd21-f9b49fee0b2c,Who drew 0 - 0 with Chelsea at the Emirates Stadium?,Henry 's former side,arsenal,TRUE,TRUE
dm-test-d83b82a9cd504218e604616be3f3c3928e3428b8,23db6676-a94e-4500-bc2b-67f4531f0525,What does the Sky Sports pundit not believe Giroud can lead to glory?,side,arsenal,TRUE,TRUE
dm-test-d83b82a9cd504218e604616be3f3c3928e3428b8,0b176271-4318-4f9b-ae32-21e4e470592d,The Sky Sports pundit does not believe Giroud can lead side to what?,glory,the title,TRUE,TRUE
dm-test-d83b82a9cd504218e604616be3f3c3928e3428b8,a335cd6d-c02d-4471-ade1-627684b17075,Arsenal need four'top quality'stars to challenge for what?,Premier League title,the barclays premier league title,TRUE,TRUE
dm-test-d83b82a9cd504218e604616be3f3c3928e3428b8,683c2468-62d8-43e0-8728-e18a8a2ae6fa,After what draw did Thierry Henry hit out at Arsenal striker Olivier Giroud?,Chelsea,arsenal 's goalless draw with chelsea,TRUE,TRUE
dm-test-d83b82a9cd504218e604616be3f3c3928e3428b8,2044c62d-9b77-4c17-bbaa-d52fb3c3ccbe,Who does not believe Giroud can lead side to glory?,The Sky Sports pundit,henry,TRUE,TRUE
dm-test-d83b82a9cd504218e604616be3f3c3928e3428b8,a335cd6d-c02d-4471-ade1-627684b17075,Arsenal need four'top quality'stars to challenge for what?,Premier League title,the league,TRUE,TRUE
dm-test-d83b82a9cd504218e604616be3f3c3928e3428b8,f81a82b5-59c6-440c-bc2e-476c7e7ba093,Where did Henry's former side draw 0 - 0 with Chelsea?,the Emirates Stadium,stamford bridge,FALSE,FALSE
dm-test-d83b82a9cd504218e604616be3f3c3928e3428b8,a335cd6d-c02d-4471-ade1-627684b17075,Arsenal need four'top quality'stars to challenge for what?,Premier League title,the title,TRUE,TRUE
dm-test-d83b82a9cd504218e604616be3f3c3928e3428b8,2044c62d-9b77-4c17-bbaa-d52fb3c3ccbe,Who does not believe Giroud can lead side to glory?,The Sky Sports pundit,olivier giroud,TRUE,TRUE
dm-test-d83b82a9cd504218e604616be3f3c3928e3428b8,e9f67200-6d02-4e5a-bbca-b202cd95e1f9,Who does the Sky Sports pundit not believe can lead side to glory?,Giroud,the gunners,FALSE,FALSE
dm-test-d83b82a9cd504218e604616be3f3c3928e3428b8,23db6676-a94e-4500-bc2b-67f4531f0525,What does the Sky Sports pundit not believe Giroud can lead to glory?,side,henry,FALSE,FALSE
dm-test-d83b82a9cd504218e604616be3f3c3928e3428b8,0b176271-4318-4f9b-ae32-21e4e470592d,The Sky Sports pundit does not believe Giroud can lead side to what?,glory,win the title,TRUE,TRUE
dm-test-e470f0a87d7513bf880412524332047020422c3f,01a2639b-c271-451e-a03d-c0f4c5b1d216,"A jacket and what ensemble worn in several key scenes in the 1939 movie has fetched $ 137,000 at auction?",full skirt,dress,TRUE,TRUE
dm-test-e470f0a87d7513bf880412524332047020422c3f,1972c4ef-9502-40cb-b6eb-d252656aece1,"A jacket and full skirt ensemble worn in what 1939 movie has fetched $ 137,000 at auction?",several key scenes,the wind,FALSE,FALSE
dm-test-e470f0a87d7513bf880412524332047020422c3f,310094f7-85c5-4a7e-9ad8-041974653974,"A jacket and full skirt ensemble worn in several key scenes in what movie has fetched $ 137,000 at auction?",the 1939 movie,the wind,FALSE,FALSE
dm-test-e470f0a87d7513bf880412524332047020422c3f,5fb08ab5-ed1e-47e9-b90c-7d60e11ecad0,"A jacket and full skirt ensemble worn in several key scenes in the 1939 movie has fetched $ 137,000 at what?",auction,the wind,FALSE,FALSE
dm-test-e470f0a87d7513bf880412524332047020422c3f,213a5618-faf9-436c-9608-6058091fed9e,"What full skirt ensemble worn in several key scenes in the 1939 movie has fetched $ 137,000 at auction?",A jacket,gone with the wind,FALSE,FALSE
dm-test-e470f0a87d7513bf880412524332047020422c3f,cfaefab8-cc1e-4223-9ff3-a414c424094e,Over what time period has the original slate blue - gray color faded to become light gray?,time,age,FALSE,FALSE
dm-test-e470f0a87d7513bf880412524332047020422c3f,a9cb0e48-299f-4b37-9cd7-6c7bc1b1dd2a,What color has faded over time to become light gray?,its original slate blue - gray color,slate blue - gray,TRUE,TRUE
dm-test-e470f0a87d7513bf880412524332047020422c3f,213a5618-faf9-436c-9608-6058091fed9e,"What full skirt ensemble worn in several key scenes in the 1939 movie has fetched $ 137,000 at auction?",A jacket,gray jacket and skirt,TRUE,TRUE
dm-test-e470f0a87d7513bf880412524332047020422c3f,5fb08ab5-ed1e-47e9-b90c-7d60e11ecad0,"A jacket and full skirt ensemble worn in several key scenes in the 1939 movie has fetched $ 137,000 at what?",auction,heritage auctions,TRUE,TRUE
dm-test-e470f0a87d7513bf880412524332047020422c3f,949d7bb4-1e7e-4420-a4d0-1f906739fe14,"What sold for $ 52,500 from the auction?",Other top selling items,gray jacket and skirt,FALSE,FALSE
dm-test-e470f0a87d7513bf880412524332047020422c3f,5fb08ab5-ed1e-47e9-b90c-7d60e11ecad0,"A jacket and full skirt ensemble worn in several key scenes in the 1939 movie has fetched $ 137,000 at what?",auction,gone with the wind,FALSE,FALSE
dm-test-e470f0a87d7513bf880412524332047020422c3f,213a5618-faf9-436c-9608-6058091fed9e,"What full skirt ensemble worn in several key scenes in the 1939 movie has fetched $ 137,000 at auction?",A jacket,A dress,TRUE,TRUE
dm-test-e470f0a87d7513bf880412524332047020422c3f,a9cb0e48-299f-4b37-9cd7-6c7bc1b1dd2a,What color has faded over time to become light gray?,its original slate blue - gray color,dress,FALSE,FALSE
dm-test-e470f0a87d7513bf880412524332047020422c3f,213a5618-faf9-436c-9608-6058091fed9e,"What full skirt ensemble worn in several key scenes in the 1939 movie has fetched $ 137,000 at auction?",A jacket,scarlett o'hara,FALSE,FALSE
dm-test-e470f0a87d7513bf880412524332047020422c3f,1972c4ef-9502-40cb-b6eb-d252656aece1,"A jacket and full skirt ensemble worn in what 1939 movie has fetched $ 137,000 at auction?",several key scenes,scarlett o'hara,FALSE,FALSE
dm-test-e470f0a87d7513bf880412524332047020422c3f,310094f7-85c5-4a7e-9ad8-041974653974,"A jacket and full skirt ensemble worn in several key scenes in what movie has fetched $ 137,000 at auction?",the 1939 movie,scarlett o'hara,FALSE,FALSE
dm-test-2c37d44d03ce2e91310339d884d33ee5aabf9abc,39d7ee8c-3c3d-4413-800a-f4c23543e28e,Who was held by his mother when he slipped and fell between 10 and 12 ft into the pit on Saturday around 3 pm at the Cleveland Metroparks Zoo?,The child,toddler slipped and fell into a cheetah exhibit at cleveland metroparks zoo . the toddler,FALSE,FALSE
dm-test-2c37d44d03ce2e91310339d884d33ee5aabf9abc,e916b39b-f423-4ac6-808c-0622c68aa611,How was the child held by his mother on Saturday around 3 pm at the Cleveland Metroparks Zoo?,he,mother was holding him and another child,TRUE,FALSE
dm-test-2c37d44d03ce2e91310339d884d33ee5aabf9abc,11a64a89-3b0d-421b-b314-6465c65f3996,Where was the child held by his mother when he slipped and fell between 10 and 12 ft into the pit on Saturday around 3 pm?,the Cleveland Metroparks Zoo,him and another child,FALSE,FALSE
dm-test-2c37d44d03ce2e91310339d884d33ee5aabf9abc,0a4a3cb8-f3ce-46fb-b342-17791dbdd664,Who rescued him before emergency responders arrived on the scene?,his parents,the boy 's mother,TRUE,TRUE
dm-test-2c37d44d03ce2e91310339d884d33ee5aabf9abc,782b99b5-7fce-4797-9b2a-6465839dc8a7,Who seemed to ignore the boy and his parents while in the pit?,The cheetahs,cheetah,TRUE,TRUE
dm-test-2c37d44d03ce2e91310339d884d33ee5aabf9abc,192e82a4-44f8-4d15-b8bb-69b968a9bf98,Where did the cheetahs seem to ignore the boy and his parents?,the pit,cleveland metroparks zoo,TRUE,TRUE
dm-test-2c37d44d03ce2e91310339d884d33ee5aabf9abc,cbf5794d-9102-43ae-8e21-9e83d4528ca0,Who held the child when he slipped and fell between 10 and 12 ft into the pit on Saturday around 3 pm at the Cleveland Metroparks Zoo?,his mother,his parents,TRUE,TRUE
dm-test-2c37d44d03ce2e91310339d884d33ee5aabf9abc,d24d64f7-08d5-44d7-b38b-21151e9bf479,The child was held by his mother when he slipped and fell between 10 and 12 ft into what on Saturday around 3 pm at the Cleveland Metroparks Zoo?,the pit,pit,TRUE,TRUE
dm-test-2c37d44d03ce2e91310339d884d33ee5aabf9abc,de73e47f-b246-4483-9b7f-4011bd44e5b5,Who was rescued by his parents before emergency responders arrived on the scene?,He,toddler,TRUE,TRUE
dm-test-2c37d44d03ce2e91310339d884d33ee5aabf9abc,81f664f3-4f8f-4106-b765-0867c4eb3e9c,He was rescued by his parents before emergency responders arrived on what?,the scene,saturday,FALSE,FALSE
dm-test-2c37d44d03ce2e91310339d884d33ee5aabf9abc,5e444932-c2ce-49ab-9931-9ee49428ff92,Who was rescued by his parents before emergency responders arrived on the scene?,he,toddler,TRUE,TRUE
dm-test-2c37d44d03ce2e91310339d884d33ee5aabf9abc,500fed7d-0065-4c26-a75b-6c22812b519d,He was rescued by his parents before emergency responders arrived on the scene ; he suffered from minor bruises and what?,bumps,leg injury,TRUE,FALSE
dm-test-2c37d44d03ce2e91310339d884d33ee5aabf9abc,782b99b5-7fce-4797-9b2a-6465839dc8a7,Who seemed to ignore the boy and his parents while in the pit?,The cheetahs,felines,TRUE,TRUE
dm-test-2c37d44d03ce2e91310339d884d33ee5aabf9abc,2986cbc3-8dab-4ee0-bd2a-ff6cc01c16ad,Who plans to press child endangerment charges?,Zoo,dr christopher kuhar,TRUE,FALSE
dm-test-2c37d44d03ce2e91310339d884d33ee5aabf9abc,39d7ee8c-3c3d-4413-800a-f4c23543e28e,Who was held by his mother when he slipped and fell between 10 and 12 ft into the pit on Saturday around 3 pm at the Cleveland Metroparks Zoo?,The child,two - year - old boy,TRUE,TRUE
dm-test-2c37d44d03ce2e91310339d884d33ee5aabf9abc,cbf5794d-9102-43ae-8e21-9e83d4528ca0,Who held the child when he slipped and fell between 10 and 12 ft into the pit on Saturday around 3 pm at the Cleveland Metroparks Zoo?,his mother,a mother,TRUE,TRUE
dm-test-2c37d44d03ce2e91310339d884d33ee5aabf9abc,e916b39b-f423-4ac6-808c-0622c68aa611,How was the child held by his mother on Saturday around 3 pm at the Cleveland Metroparks Zoo?,he,mother was holding the two - year - old boy and another child,TRUE,FALSE
dm-test-2c37d44d03ce2e91310339d884d33ee5aabf9abc,11a64a89-3b0d-421b-b314-6465c65f3996,Where was the child held by his mother when he slipped and fell between 10 and 12 ft into the pit on Saturday around 3 pm?,the Cleveland Metroparks Zoo,another child,FALSE,FALSE
dm-test-2c37d44d03ce2e91310339d884d33ee5aabf9abc,de73e47f-b246-4483-9b7f-4011bd44e5b5,Who was rescued by his parents before emergency responders arrived on the scene?,He,two - year - old boy,TRUE,TRUE
dm-test-2c37d44d03ce2e91310339d884d33ee5aabf9abc,5e444932-c2ce-49ab-9931-9ee49428ff92,Who was rescued by his parents before emergency responders arrived on the scene?,he,two - year - old boy,TRUE,TRUE
dm-test-2c37d44d03ce2e91310339d884d33ee5aabf9abc,39d7ee8c-3c3d-4413-800a-f4c23543e28e,Who was held by his mother when he slipped and fell between 10 and 12 ft into the pit on Saturday around 3 pm at the Cleveland Metroparks Zoo?,The child,toddler,TRUE,TRUE
dm-test-2c37d44d03ce2e91310339d884d33ee5aabf9abc,81f664f3-4f8f-4106-b765-0867c4eb3e9c,He was rescued by his parents before emergency responders arrived on what?,the scene,paramedics,FALSE,FALSE
dm-test-2c37d44d03ce2e91310339d884d33ee5aabf9abc,15d2644a-8831-489a-9296-5c4f609cb5be,He was rescued by his parents before emergency responders arrived on the scene ; what did he suffer from?,minor bruises,a leg injury,TRUE,FALSE
dm-test-2c37d44d03ce2e91310339d884d33ee5aabf9abc,ab8c9fc8-e7b6-4f7f-b858-b81a0a697a38,What does Zoo plan to press?,child endangerment charges,charges,TRUE,TRUE
dm-test-2c37d44d03ce2e91310339d884d33ee5aabf9abc,e916b39b-f423-4ac6-808c-0622c68aa611,How was the child held by his mother on Saturday around 3 pm at the Cleveland Metroparks Zoo?,he,holding him and another child,TRUE,FALSE
dm-test-2c37d44d03ce2e91310339d884d33ee5aabf9abc,36ccd14c-7d49-4c20-8bf0-719869d2832b,How far was the child held by his mother when he slipped and fell into the pit on Saturday around 3 pm at the Cleveland Metroparks Zoo?,between 10 and 12 ft,between 10 to 12 ft,TRUE,TRUE
dm-test-2c37d44d03ce2e91310339d884d33ee5aabf9abc,de73e47f-b246-4483-9b7f-4011bd44e5b5,Who was rescued by his parents before emergency responders arrived on the scene?,He,the toddler 's mother was holding him and another child,FALSE,FALSE
dm-test-2c37d44d03ce2e91310339d884d33ee5aabf9abc,5e444932-c2ce-49ab-9931-9ee49428ff92,Who was rescued by his parents before emergency responders arrived on the scene?,he,the toddler 's mother was holding him and another child,FALSE,FALSE
dm-test-2c37d44d03ce2e91310339d884d33ee5aabf9abc,782b99b5-7fce-4797-9b2a-6465839dc8a7,Who seemed to ignore the boy and his parents while in the pit?,The cheetahs,cheetahs,TRUE,TRUE
dm-test-2c37d44d03ce2e91310339d884d33ee5aabf9abc,192e82a4-44f8-4d15-b8bb-69b968a9bf98,Where did the cheetahs seem to ignore the boy and his parents?,the pit,in the pit,TRUE,TRUE
dm-test-2c37d44d03ce2e91310339d884d33ee5aabf9abc,de73e47f-b246-4483-9b7f-4011bd44e5b5,Who was rescued by his parents before emergency responders arrived on the scene?,He,The boy fell into the cheetah pit at the Cleveland Metroparks Zoo,FALSE,FALSE
dm-test-2c37d44d03ce2e91310339d884d33ee5aabf9abc,81f664f3-4f8f-4106-b765-0867c4eb3e9c,He was rescued by his parents before emergency responders arrived on what?,the scene,cheetah pit at the Cleveland Metroparks Zoo,FALSE,FALSE
dm-test-2c37d44d03ce2e91310339d884d33ee5aabf9abc,5e444932-c2ce-49ab-9931-9ee49428ff92,Who was rescued by his parents before emergency responders arrived on the scene?,he,The boy fell into the cheetah pit at the Cleveland Metroparks Zoo,FALSE,FALSE
dm-test-2c37d44d03ce2e91310339d884d33ee5aabf9abc,39d7ee8c-3c3d-4413-800a-f4c23543e28e,Who was held by his mother when he slipped and fell between 10 and 12 ft into the pit on Saturday around 3 pm at the Cleveland Metroparks Zoo?,The child,"boy , 2",TRUE,TRUE
dm-test-2c37d44d03ce2e91310339d884d33ee5aabf9abc,de73e47f-b246-4483-9b7f-4011bd44e5b5,Who was rescued by his parents before emergency responders arrived on the scene?,He,"boy , 2",TRUE,TRUE
dm-test-2c37d44d03ce2e91310339d884d33ee5aabf9abc,5e444932-c2ce-49ab-9931-9ee49428ff92,Who was rescued by his parents before emergency responders arrived on the scene?,he,"boy , 2",TRUE,TRUE
dm-test-2c37d44d03ce2e91310339d884d33ee5aabf9abc,192e82a4-44f8-4d15-b8bb-69b968a9bf98,Where did the cheetahs seem to ignore the boy and his parents?,the pit,cheetah pit,TRUE,TRUE
dm-test-2c37d44d03ce2e91310339d884d33ee5aabf9abc,d24d64f7-08d5-44d7-b38b-21151e9bf479,The child was held by his mother when he slipped and fell between 10 and 12 ft into what on Saturday around 3 pm at the Cleveland Metroparks Zoo?,the pit,a cheetah enclosure,TRUE,TRUE
dm-test-2c37d44d03ce2e91310339d884d33ee5aabf9abc,11a64a89-3b0d-421b-b314-6465c65f3996,Where was the child held by his mother when he slipped and fell between 10 and 12 ft into the pit on Saturday around 3 pm?,the Cleveland Metroparks Zoo,dangling him over the edge,TRUE,FALSE
dm-test-2c37d44d03ce2e91310339d884d33ee5aabf9abc,55ef6647-2715-453d-a0f6-436d22f1482b,Who did the cheetahs seem to ignore while in the pit?,the boy,the boy or his parents,TRUE,TRUE
dm-test-2c37d44d03ce2e91310339d884d33ee5aabf9abc,da8094f3-a264-464d-8660-91d69c5c8891,Who did the cheetahs seem to ignore while in the pit?,his parents,the boy or his parents,TRUE,TRUE
dm-test-2c37d44d03ce2e91310339d884d33ee5aabf9abc,cbf5794d-9102-43ae-8e21-9e83d4528ca0,Who held the child when he slipped and fell between 10 and 12 ft into the pit on Saturday around 3 pm at the Cleveland Metroparks Zoo?,his mother,the toddler 's mother,TRUE,TRUE
dm-test-2c37d44d03ce2e91310339d884d33ee5aabf9abc,782b99b5-7fce-4797-9b2a-6465839dc8a7,Who seemed to ignore the boy and his parents while in the pit?,The cheetahs,animals,TRUE,TRUE
dm-test-2c37d44d03ce2e91310339d884d33ee5aabf9abc,e916b39b-f423-4ac6-808c-0622c68aa611,How was the child held by his mother on Saturday around 3 pm at the Cleveland Metroparks Zoo?,he,a mother was holding the two - year - old boy and another child,TRUE,FALSE
dm-test-9b1af0f993d78353ebd56a1b180e882e751527b3,7a8b5d22-4078-4fd6-87be-6b55c282168b,"The billboard erected in Kenosha, Wisconsin, features what of officer Pablo Torres after he shot dead Aaron Siler, 26, last month?",the smiling face,a photograph of torres and his dog,TRUE,FALSE
dm-test-9b1af0f993d78353ebd56a1b180e882e751527b3,54fd56f7-2edb-45a2-8a31-816d6290149f,Who is currently on leave while an investigation is being held into the deadly shooting?,Torres,officer pablo torres,TRUE,TRUE
dm-test-9b1af0f993d78353ebd56a1b180e882e751527b3,c1c9c5b8-a192-4b04-a864-721cf5b3c215,Torres is currently on leave while what is being held into the deadly shooting?,an investigation,investigation,TRUE,TRUE
dm-test-9b1af0f993d78353ebd56a1b180e882e751527b3,0a361e8e-38b8-4192-ad82-2d8130743dec,Torres is currently on leave while an investigation is being held into what?,the deadly shooting,deadly shooting,TRUE,TRUE
dm-test-9b1af0f993d78353ebd56a1b180e882e751527b3,7000c372-7231-4d42-8cb5-6ee037eb5718,Who claims the billboard is simply to thank the local community for its support?,The Kenosha Professional Police Association,kenosha professional police association,TRUE,TRUE
dm-test-9b1af0f993d78353ebd56a1b180e882e751527b3,ed43336a-438e-4dca-a064-535c0a590397,What does the Kenosha Professional Police Association claim is simply to thank the local community for its support?,the billboard,a billboard,TRUE,TRUE
dm-test-9b1af0f993d78353ebd56a1b180e882e751527b3,1c3dd91d-8863-4e5e-8d1e-815a0a8b7263,Who does the Kenosha Professional Police Association claim the billboard is simply to thank for its support?,the local community,kenosha,TRUE,TRUE
dm-test-9b1af0f993d78353ebd56a1b180e882e751527b3,adaa21bf-c960-463b-ac3a-03ed0d438440,What does the Kenosha Professional Police Association claim the billboard is simply to thank the local community for?,its support,your support,TRUE,TRUE
dm-test-9b1af0f993d78353ebd56a1b180e882e751527b3,469dd8e6-d09f-431f-98e6-95f8e1422995,What have Siler's family and friends called'disrespectful'and are asking for it be taken down?,the billboard,a billboard,TRUE,TRUE
dm-test-9b1af0f993d78353ebd56a1b180e882e751527b3,0115efd9-644f-4070-a83d-6a3b89da6e4f,Who has called the billboard'disrespectful'and is asking for it be taken down?,Siler 's family,siler 's family and friends,TRUE,TRUE
dm-test-9b1af0f993d78353ebd56a1b180e882e751527b3,2d9b8fbc-dca8-417a-9988-723fef6075cb,Siler's family and friends have called the billboard'disrespectful'and are asking for what to be taken down?,it,a billboard,TRUE,TRUE
dm-test-9b1af0f993d78353ebd56a1b180e882e751527b3,f6acee55-6ddc-470a-aa8c-f3da267191b2,"What features the smiling face of officer Pablo Torres after he shot dead Aaron Siler, 26, last month?",The billboard,a billboard,TRUE,TRUE
dm-test-9b1af0f993d78353ebd56a1b180e882e751527b3,7a8b5d22-4078-4fd6-87be-6b55c282168b,"The billboard erected in Kenosha, Wisconsin, features what of officer Pablo Torres after he shot dead Aaron Siler, 26, last month?",the smiling face,the officer who pulled the trigger,TRUE,FALSE
dm-test-9b1af0f993d78353ebd56a1b180e882e751527b3,2d9b8fbc-dca8-417a-9988-723fef6075cb,Siler's family and friends have called the billboard'disrespectful'and are asking for what to be taken down?,it,a billboard featuring the officer who pulled the trigger,TRUE,TRUE
dm-test-9b1af0f993d78353ebd56a1b180e882e751527b3,2d9b8fbc-dca8-417a-9988-723fef6075cb,Siler's family and friends have called the billboard'disrespectful'and are asking for what to be taken down?,it,a photograph of Torres and his dog,TRUE,TRUE
dm-test-9b1af0f993d78353ebd56a1b180e882e751527b3,8181fe99-866a-45df-874f-fbb6d87d3e6d,"Where is the billboard erected that features the smiling face of officer Pablo Torres after he shot dead Aaron Siler, 26, last month?",Kenosha,torres,FALSE,FALSE
dm-test-9b1af0f993d78353ebd56a1b180e882e751527b3,469dd8e6-d09f-431f-98e6-95f8e1422995,What have Siler's family and friends called'disrespectful'and are asking for it be taken down?,the billboard,billboard,TRUE,TRUE
dm-test-9b1af0f993d78353ebd56a1b180e882e751527b3,0a361e8e-38b8-4192-ad82-2d8130743dec,Torres is currently on leave while an investigation is being held into what?,the deadly shooting,shooting,TRUE,TRUE
dm-test-9b1af0f993d78353ebd56a1b180e882e751527b3,2d9b8fbc-dca8-417a-9988-723fef6075cb,Siler's family and friends have called the billboard'disrespectful'and are asking for what to be taken down?,it,billboard,TRUE,TRUE
dm-test-81bd721b16cad47dfd8d24baca5b30b006291db2,cfefa3b7-d6d6-4bd5-8b83-7096d3087a97,Who did Nathan Hughes accidentally knock out during Northampton's 52 - 30 victory against Wasps on March 27?,George North,welsh lion,TRUE,TRUE
dm-test-81bd721b16cad47dfd8d24baca5b30b006291db2,27b6ae50-42d2-4857-9de4-35e45d6e7969,During what game did Nathan Hughes accidentally knock out George North?,Northampton 's 52 - 30 victory,northampton,FALSE,FALSE
dm-test-81bd721b16cad47dfd8d24baca5b30b006291db2,7ad02819-6717-4f28-9344-1f5273127832,When did Nathan Hughes accidentally knock out George North during Northampton's 52 - 30 victory against Wasps?,March,as he crossed the line to score for northampton,TRUE,TRUE
dm-test-81bd721b16cad47dfd8d24baca5b30b006291db2,2d2c1dad-e786-454f-9562-3f7ba5b8d1d8,Who missed his side's Champions Cup defeat against Toulon?,Hughes,fiji - born forward hughes,TRUE,TRUE
dm-test-81bd721b16cad47dfd8d24baca5b30b006291db2,933c09ec-af53-4a81-9c90-cc125d1808d7,What defeat did Hughes miss against Toulon?,his side 's Champions Cup,champions cup quarter - final loss,TRUE,TRUE
dm-test-81bd721b16cad47dfd8d24baca5b30b006291db2,a84cf2d9-d538-45b6-8277-38c2d51d773f,What Champions Cup did Hughes miss against Toulon?,defeat,quarter - final,TRUE,TRUE
dm-test-81bd721b16cad47dfd8d24baca5b30b006291db2,4b0eb732-3cc8-48e5-86bc-ac1df47f42e1,What type of insect is it?,The Wasps,wasps,TRUE,TRUE
dm-test-81bd721b16cad47dfd8d24baca5b30b006291db2,99172795-5dd0-4143-acac-d3a6359992ca,How long has the Welsh winger been advised to take off from playing?,a month,the wasps no 8 was initially suspended for three matches .,FALSE,FALSE
dm-test-81bd721b16cad47dfd8d24baca5b30b006291db2,7ad02819-6717-4f28-9344-1f5273127832,When did Nathan Hughes accidentally knock out George North during Northampton's 52 - 30 victory against Wasps?,March,March 27,TRUE,TRUE
dm-test-81bd721b16cad47dfd8d24baca5b30b006291db2,4b0eb732-3cc8-48e5-86bc-ac1df47f42e1,What type of insect is it?,The Wasps,lion,FALSE,FALSE
dm-test-81bd721b16cad47dfd8d24baca5b30b006291db2,27b6ae50-42d2-4857-9de4-35e45d6e7969,During what game did Nathan Hughes accidentally knock out George North?,Northampton 's 52 - 30 victory,northampton at franklin 's gardens,TRUE,TRUE
dm-test-81bd721b16cad47dfd8d24baca5b30b006291db2,cfefa3b7-d6d6-4bd5-8b83-7096d3087a97,Who did Nathan Hughes accidentally knock out during Northampton's 52 - 30 victory against Wasps on March 27?,George North,North 's head,FALSE,FALSE
dm-test-81bd721b16cad47dfd8d24baca5b30b006291db2,ccb2b34d-7ac5-45e5-8fb9-054fca15b039,What was it to the head in the space of two months?,North 's third blow,elbow,FALSE,FALSE
dm-test-81bd721b16cad47dfd8d24baca5b30b006291db2,0baa7401-f347-4902-b66e-f353e0763118,How many matches was No 8 initially suspended for?,three matches,three weeks,FALSE,FALSE
dm-test-81bd721b16cad47dfd8d24baca5b30b006291db2,ffadaa78-c1c0-4bf9-9a70-4afe6c46dc8e,What was North's third blow to the head in the space of two months?,It,nathan hughes 's knee collided with george north 's head,TRUE,TRUE
dm-test-81bd721b16cad47dfd8d24baca5b30b006291db2,ccb2b34d-7ac5-45e5-8fb9-054fca15b039,What was it to the head in the space of two months?,North 's third blow,a third blow,TRUE,TRUE
dm-test-81bd721b16cad47dfd8d24baca5b30b006291db2,99172795-5dd0-4143-acac-d3a6359992ca,How long has the Welsh winger been advised to take off from playing?,a month,banned for three weeks,FALSE,FALSE
dm-test-81bd721b16cad47dfd8d24baca5b30b006291db2,ccb2b34d-7ac5-45e5-8fb9-054fca15b039,What was it to the head in the space of two months?,North 's third blow,knee,FALSE,FALSE
dm-test-81bd721b16cad47dfd8d24baca5b30b006291db2,27b6ae50-42d2-4857-9de4-35e45d6e7969,During what game did Nathan Hughes accidentally knock out George North?,Northampton 's 52 - 30 victory,March 27 . Northampton,FALSE,FALSE
dm-test-81bd721b16cad47dfd8d24baca5b30b006291db2,99172795-5dd0-4143-acac-d3a6359992ca,How long has the Welsh winger been advised to take off from playing?,a month,two months,FALSE,FALSE
dm-test-81bd721b16cad47dfd8d24baca5b30b006291db2,7ad02819-6717-4f28-9344-1f5273127832,When did Nathan Hughes accidentally knock out George North during Northampton's 52 - 30 victory against Wasps?,March,as he crossed the line to score,FALSE,FALSE
dm-test-81bd721b16cad47dfd8d24baca5b30b006291db2,7ad02819-6717-4f28-9344-1f5273127832,When did Nathan Hughes accidentally knock out George North during Northampton's 52 - 30 victory against Wasps?,March,as he crossed the line,FALSE,FALSE
dm-test-b255397ee863bd8faf9def57c0f76769153d905e,8fa9459e-0b10-485b-93b9-398a50750498,What did X - ray machine pick out on security scan?,his nerf toy gun,james 's harmless toy,TRUE,TRUE
dm-test-b255397ee863bd8faf9def57c0f76769153d905e,ab0456ef-bd85-4824-91d8-0dd102c5d0d3,Four - year - old was then patted down and forced to hand over what?,toy,plastic nerf gun,TRUE,TRUE
dm-test-b255397ee863bd8faf9def57c0f76769153d905e,a08a85fb-a08b-42d4-8fc2-4aef93d9f62c,With what parents was James Hayward flying to Lanzarote?,Phil,"phil , 44 , and hazel , 38",TRUE,TRUE
dm-test-b255397ee863bd8faf9def57c0f76769153d905e,8fa9459e-0b10-485b-93b9-398a50750498,What did X - ray machine pick out on security scan?,his nerf toy gun,plastic nerf gun,TRUE,TRUE
dm-test-b255397ee863bd8faf9def57c0f76769153d905e,8fa9459e-0b10-485b-93b9-398a50750498,What did X - ray machine pick out on security scan?,his nerf toy gun,harmless toy,TRUE,TRUE
dm-test-b255397ee863bd8faf9def57c0f76769153d905e,8fa9459e-0b10-485b-93b9-398a50750498,What did X - ray machine pick out on security scan?,his nerf toy gun,plastic toy gun,TRUE,TRUE
dm-test-b255397ee863bd8faf9def57c0f76769153d905e,ab0456ef-bd85-4824-91d8-0dd102c5d0d3,Four - year - old was then patted down and forced to hand over what?,toy,plastic toy gun,TRUE,TRUE
dm-test-b255397ee863bd8faf9def57c0f76769153d905e,ab0456ef-bd85-4824-91d8-0dd102c5d0d3,Four - year - old was then patted down and forced to hand over what?,toy,toy gun,TRUE,TRUE
dm-test-b255397ee863bd8faf9def57c0f76769153d905e,b0dbc778-493f-49b5-ab29-5b78f1d5faeb,"Who does the airport insist has offered to post the item back to boy's home in Doncaster, South Yorkshire?",they,We have offered to send the toy back to you and we will refund the cost of the toy to you .,FALSE,FALSE
dm-test-b255397ee863bd8faf9def57c0f76769153d905e,86ff0f91-655f-4f3e-a49a-b3fec0df3d8b,Where do airport insist they have offered to post the item back to boy's home in South Yorkshire?,Doncaster,East Midlands Airport,FALSE,FALSE
dm-test-b255397ee863bd8faf9def57c0f76769153d905e,0a7ca41c-641e-4624-bbb7-9a70b9ef1169,Where do airport insist they have offered to post the item back to boy's home?,South Yorkshire,East Midlands Airport,FALSE,FALSE
dm-test-b255397ee863bd8faf9def57c0f76769153d905e,d6b6b00f-fbc4-4153-a6e4-8b436db0d70a,"What do airport insist they have offered to post back to boy's home in Doncaster, South Yorkshire?",the item,toy,TRUE,TRUE
dm-test-b255397ee863bd8faf9def57c0f76769153d905e,0a7ca41c-641e-4624-bbb7-9a70b9ef1169,Where do airport insist they have offered to post the item back to boy's home?,South Yorkshire,"doncaster , south yorkshire",TRUE,TRUE
dm-test-b255397ee863bd8faf9def57c0f76769153d905e,eee69c02-1e49-4e37-9fb1-13d6e57fad90,"Who insist they have offered to post the item back to boy's home in Doncaster, South Yorkshire?",Airport,"phil , 44 , and hazel , 38",FALSE,FALSE
dm-test-b255397ee863bd8faf9def57c0f76769153d905e,02d6deeb-d017-4deb-92c1-6662fea5b970,Who was James Hayward flying with to Lanzarote?,parents,his parents,TRUE,TRUE
dm-test-b255397ee863bd8faf9def57c0f76769153d905e,060c0d94-706d-4fa4-b5a9-b4f9e38367cb,James Hayward was flying with parents Phil and who else to Lanzarote?,Hazel,"hazel , 38",TRUE,TRUE
dm-test-b255397ee863bd8faf9def57c0f76769153d905e,2a042cec-7156-462d-8301-91971eb4de92,Who picked out his nerf toy gun on security scan?,X - ray machine,security officers,TRUE,FALSE
dm-test-b255397ee863bd8faf9def57c0f76769153d905e,ab0456ef-bd85-4824-91d8-0dd102c5d0d3,Four - year - old was then patted down and forced to hand over what?,toy,brightly coloured toy,TRUE,TRUE
dm-test-23e8c1d71474d239aa9ae37b9a05031b0054b8ce,1fc7ef64-645f-406b-adfd-c660d46f909f,Who has Nigel Pearson urged to focus on their own run - in?,his players,leicester,TRUE,TRUE
dm-test-23e8c1d71474d239aa9ae37b9a05031b0054b8ce,b22b7078-dd11-48c7-926b-d10586b26808,Who is now just three points from safety heading into final six games?,Leicester,foxes,TRUE,TRUE
dm-test-23e8c1d71474d239aa9ae37b9a05031b0054b8ce,8840ba07-ca1f-4fad-98e5-b1a2739c5c2a,How far is Leicester from safety heading into final six games?,just three points,three points,TRUE,TRUE
dm-test-23e8c1d71474d239aa9ae37b9a05031b0054b8ce,69d1bc8e-ebba-4cf0-a1a9-4d443537ae29,Leicester now just three points from what heading into final six games?,safety,the premier league,TRUE,TRUE
dm-test-23e8c1d71474d239aa9ae37b9a05031b0054b8ce,ebc7d7d8-5394-4816-a1d7-5d6f841bc5cc,Leicester now just three points from safety heading into what?,final six games,the premier league,FALSE,FALSE
dm-test-23e8c1d71474d239aa9ae37b9a05031b0054b8ce,c89fc7ff-fadb-4046-9fd5-628519f1ad3a,Leicester have won how many league games to boost their survival hopes?,back,3 - 2,FALSE,FALSE
dm-test-23e8c1d71474d239aa9ae37b9a05031b0054b8ce,ebc7d7d8-5394-4816-a1d7-5d6f841bc5cc,Leicester now just three points from safety heading into what?,final six games,leicester host swansea,FALSE,FALSE
dm-test-23e8c1d71474d239aa9ae37b9a05031b0054b8ce,c89fc7ff-fadb-4046-9fd5-628519f1ad3a,Leicester have won how many league games to boost their survival hopes?,back,the foxes host swansea on saturday just three points from safety in the barclays premier league after back - to - back wins .,FALSE,FALSE
dm-test-23e8c1d71474d239aa9ae37b9a05031b0054b8ce,5351b848-d783-4e9b-9588-63e0dbe23667,What has Nigel Pearson urged his players to focus on?,their own run - in,relegation rivals,TRUE,FALSE
dm-test-23e8c1d71474d239aa9ae37b9a05031b0054b8ce,ebc7d7d8-5394-4816-a1d7-5d6f841bc5cc,Leicester now just three points from safety heading into what?,final six games,the foxes host swansea on saturday just three points from safety in the barclays premier league,FALSE,FALSE
dm-test-23e8c1d71474d239aa9ae37b9a05031b0054b8ce,ebc7d7d8-5394-4816-a1d7-5d6f841bc5cc,Leicester now just three points from safety heading into what?,final six games,the foxes host swansea on saturday,FALSE,FALSE
dm-test-23e8c1d71474d239aa9ae37b9a05031b0054b8ce,298cec1b-0dcb-4476-acfa-b1f1c11c737b,Who has won back - to - back league games to boost survival hopes?,Leicester,the foxes,TRUE,TRUE
dm-test-23e8c1d71474d239aa9ae37b9a05031b0054b8ce,b22b7078-dd11-48c7-926b-d10586b26808,Who is now just three points from safety heading into final six games?,Leicester,the foxes,TRUE,TRUE
dm-test-23e8c1d71474d239aa9ae37b9a05031b0054b8ce,ebc7d7d8-5394-4816-a1d7-5d6f841bc5cc,Leicester now just three points from safety heading into what?,final six games,the foxes host swansea,FALSE,FALSE
dm-test-23e8c1d71474d239aa9ae37b9a05031b0054b8ce,ebc7d7d8-5394-4816-a1d7-5d6f841bc5cc,Leicester now just three points from safety heading into what?,final six games,barclays premier league,FALSE,FALSE
dm-test-23e8c1d71474d239aa9ae37b9a05031b0054b8ce,c89fc7ff-fadb-4046-9fd5-628519f1ad3a,Leicester have won how many league games to boost their survival hopes?,back,last week 's 3 - 2 win at west brom handed them a survival lifeline,FALSE,FALSE
dm-test-23e8c1d71474d239aa9ae37b9a05031b0054b8ce,b22b7078-dd11-48c7-926b-d10586b26808,Who is now just three points from safety heading into final six games?,Leicester,leicester city,TRUE,TRUE
dm-test-23e8c1d71474d239aa9ae37b9a05031b0054b8ce,ebc7d7d8-5394-4816-a1d7-5d6f841bc5cc,Leicester now just three points from safety heading into what?,final six games,leicester city host swansea city in the premier league,FALSE,FALSE
dm-test-23e8c1d71474d239aa9ae37b9a05031b0054b8ce,1fc7ef64-645f-406b-adfd-c660d46f909f,Who has Nigel Pearson urged to focus on their own run - in?,his players,players,TRUE,TRUE
dm-test-23e8c1d71474d239aa9ae37b9a05031b0054b8ce,298cec1b-0dcb-4476-acfa-b1f1c11c737b,Who has won back - to - back league games to boost survival hopes?,Leicester,leicester city,TRUE,TRUE
dm-test-23e8c1d71474d239aa9ae37b9a05031b0054b8ce,c89fc7ff-fadb-4046-9fd5-628519f1ad3a,Leicester have won how many league games to boost their survival hopes?,back,three,FALSE,FALSE
dm-test-23e8c1d71474d239aa9ae37b9a05031b0054b8ce,1fc7ef64-645f-406b-adfd-c660d46f909f,Who has Nigel Pearson urged to focus on their own run - in?,his players,his players to ignore their relegation rivals .,TRUE,TRUE
dm-test-23e8c1d71474d239aa9ae37b9a05031b0054b8ce,ebc7d7d8-5394-4816-a1d7-5d6f841bc5cc,Leicester now just three points from safety heading into what?,final six games,leicester city host swansea city in the premier league on saturday,FALSE,FALSE
dm-test-23e8c1d71474d239aa9ae37b9a05031b0054b8ce,c89fc7ff-fadb-4046-9fd5-628519f1ad3a,Leicester have won how many league games to boost their survival hopes?,back,three points from safety in the barclays premier league after back - to - back wins .,FALSE,FALSE
dm-test-23e8c1d71474d239aa9ae37b9a05031b0054b8ce,ebc7d7d8-5394-4816-a1d7-5d6f841bc5cc,Leicester now just three points from safety heading into what?,final six games,The Foxes host Swansea on Saturday in the Premier League .,FALSE,FALSE
dm-test-23e8c1d71474d239aa9ae37b9a05031b0054b8ce,c89fc7ff-fadb-4046-9fd5-628519f1ad3a,Leicester have won how many league games to boost their survival hopes?,back,last week 's 3 - 2 win at west brom handed them a survival lifeline .,FALSE,FALSE
dm-test-23e8c1d71474d239aa9ae37b9a05031b0054b8ce,ebc7d7d8-5394-4816-a1d7-5d6f841bc5cc,Leicester now just three points from safety heading into what?,final six games,foxes host swansea on saturday,FALSE,FALSE
dm-test-23e8c1d71474d239aa9ae37b9a05031b0054b8ce,b22b7078-dd11-48c7-926b-d10586b26808,Who is now just three points from safety heading into final six games?,Leicester,swansea,FALSE,FALSE
dm-test-26e4e19d945cedcb489f28808c730658139c9415,db6a5de5-91d0-4a3d-a4ed-06c021c87299,Where has the Manchester United striker not impressed on loan?,Real Madrid,orlando city,FALSE,FALSE
dm-test-26e4e19d945cedcb489f28808c730658139c9415,34e6dba4-afa8-43d5-b232-1b6b0229633e,Who has not impressed on loan at Real Madrid?,The Manchester United striker,javier hernandez,TRUE,TRUE
dm-test-26e4e19d945cedcb489f28808c730658139c9415,dfc04cd1-b00f-486c-9052-809577835894,On what has the Manchester United striker not impressed at Real Madrid?,loan,on loan,TRUE,TRUE
dm-test-26e4e19d945cedcb489f28808c730658139c9415,e0844afb-08e7-4728-9976-c1f14b7a1834,What have United made to Andreas Pereira?,an improved contract offer,a revised contract offer,TRUE,TRUE
dm-test-26e4e19d945cedcb489f28808c730658139c9415,5b92c6a7-2032-456f-a48c-0d9ccc6442e7,Who is the latest team to be linked with Javier Hernandez?,MLS team Orlando City,manchester united,FALSE,FALSE
dm-test-26e4e19d945cedcb489f28808c730658139c9415,c1e7fb5f-4977-4637-a311-ff0f59217066,Who is the latest team to be linked with?,Javier Hernandez,manchester united,FALSE,FALSE
dm-test-26e4e19d945cedcb489f28808c730658139c9415,c1e7fb5f-4977-4637-a311-ff0f59217066,Who is the latest team to be linked with?,Javier Hernandez,orlando city,FALSE,FALSE
dm-test-26e4e19d945cedcb489f28808c730658139c9415,5b92c6a7-2032-456f-a48c-0d9ccc6442e7,Who is the latest team to be linked with Javier Hernandez?,MLS team Orlando City,Orlando City,TRUE,TRUE
dm-test-26e4e19d945cedcb489f28808c730658139c9415,2daa4949-c09a-418e-89d5-d93b89553283,Which MLS team is linked with Javier Hernandez?,the latest team,Orlando City,TRUE,TRUE
dm-test-26e4e19d945cedcb489f28808c730658139c9415,dfc04cd1-b00f-486c-9052-809577835894,On what has the Manchester United striker not impressed at Real Madrid?,loan,Javier Hernandez has had a tough time on loan at Real Madrid this season,FALSE,FALSE
cnn-test-5139ccfabee55ddb83e7937f5802c0a67aee8975,cdab8414-43ad-4d57-b3a9-4fb84d5c74fb,What does the U.S. say was in international airspace?,plane,russian fighter jet intercepted a u.s . reconnaissance plane,TRUE,TRUE
cnn-test-5139ccfabee55ddb83e7937f5802c0a67aee8975,beb2c9cf-ba4b-41e2-b8fc-e88e1412bc83,Where did the incident occur on April 7 north of Poland?,the Baltic Sea,baltic sea,TRUE,TRUE
cnn-test-5139ccfabee55ddb83e7937f5802c0a67aee8975,2759f6cb-7b44-4e9a-8038-8cc2cccb8274,Who says plane was in international airspace?,U.S.,pentagon spokesman,TRUE,TRUE
cnn-test-5139ccfabee55ddb83e7937f5802c0a67aee8975,cdab8414-43ad-4d57-b3a9-4fb84d5c74fb,What does the U.S. say was in international airspace?,plane,a u.s . rc-135u was flying over the baltic sea when it was intercepted by a russian su-27 flanker,FALSE,FALSE
cnn-test-5139ccfabee55ddb83e7937f5802c0a67aee8975,ed1df61f-0939-413e-bb04-5522e0308981,Where did the incident occur on April 7 in the Baltic Sea?,north,international airspace north of poland,TRUE,TRUE
cnn-test-5139ccfabee55ddb83e7937f5802c0a67aee8975,8fcb8c60-3cba-435b-9dd7-85d76b19eeb0,Which country says it had transponder turned off and was flying toward Russia?,Russia,u.s .,FALSE,FALSE
cnn-test-5139ccfabee55ddb83e7937f5802c0a67aee8975,8ca31970-9ea0-4d6f-b596-901fd8541685,Who does Russia say had transponder turned off and was flying toward Russia?,it,u.s . reconnaissance plane,TRUE,TRUE
cnn-test-5139ccfabee55ddb83e7937f5802c0a67aee8975,cdab8414-43ad-4d57-b3a9-4fb84d5c74fb,What does the U.S. say was in international airspace?,plane,a u.s . rc - 135u was flying over the baltic sea when it was intercepted by a russian su - 27 flanker,FALSE,FALSE
cnn-test-5139ccfabee55ddb83e7937f5802c0a67aee8975,b9e202dd-dd46-4283-b106-4f05e34bb638,What occurred on April 7 north of Poland in the Baltic Sea?,The incident,a u.s . rc-135u was flying over the baltic sea when it was intercepted by a russian su-27 flanker,TRUE,TRUE
cnn-test-5139ccfabee55ddb83e7937f5802c0a67aee8975,d8f6b731-307e-4fd3-93b1-24d4f41febe3,The incident occurred on April 7 north of what country in the Baltic Sea?,Poland,russian,FALSE,FALSE
cnn-test-5139ccfabee55ddb83e7937f5802c0a67aee8975,72a0ae77-e002-4edd-8130-79dbd5aaba90,What does the U.S. say plane was in?,international airspace,flying over the baltic sea,FALSE,FALSE
cnn-test-5139ccfabee55ddb83e7937f5802c0a67aee8975,b9e202dd-dd46-4283-b106-4f05e34bb638,What occurred on April 7 north of Poland in the Baltic Sea?,The incident,a u.s . rc-135u was flying over the baltic sea when it was intercepted by a russian su-27,TRUE,TRUE
cnn-test-5139ccfabee55ddb83e7937f5802c0a67aee8975,beb2c9cf-ba4b-41e2-b8fc-e88e1412bc83,Where did the incident occur on April 7 north of Poland?,the Baltic Sea,international airspace,TRUE,FALSE
cnn-test-5139ccfabee55ddb83e7937f5802c0a67aee8975,cdab8414-43ad-4d57-b3a9-4fb84d5c74fb,What does the U.S. say was in international airspace?,plane,rc-135u was flying over the baltic sea when it was intercepted by a russian su-27 flanker,TRUE,TRUE
cnn-test-5139ccfabee55ddb83e7937f5802c0a67aee8975,47f41b01-1968-4f39-a107-2d61c4ea56a1,When did the incident occur north of Poland in the Baltic Sea?,April,A year ago,FALSE,FALSE
cnn-test-5139ccfabee55ddb83e7937f5802c0a67aee8975,b9e202dd-dd46-4283-b106-4f05e34bb638,What occurred on April 7 north of Poland in the Baltic Sea?,The incident,u.s . rc-135u was flying over baltic sea when it was intercepted by russian su-27 flanker,TRUE,TRUE
cnn-test-bcdb32ae644040a721da880fff9c1d502048cd8b,70bc6030-013c-4b40-8f22-2fb744c23588,Who says two passengers died in an apparent murder - suicide?,Holland America,holland america line,TRUE,TRUE
cnn-test-bcdb32ae644040a721da880fff9c1d502048cd8b,cd4dbcc3-5cab-47fa-ad59-436f1ba11870,The cabin was immediately secured and who was notified?,the authorities,holland america line,FALSE,FALSE
cnn-test-bcdb32ae644040a721da880fff9c1d502048cd8b,02cbbe9c-259f-4f09-af20-b27ed819fb24,"The cabin was immediately secured and the authorities were notified, what says?",cruise line,holland america line,TRUE,TRUE
cnn-test-bcdb32ae644040a721da880fff9c1d502048cd8b,9d2bf4de-ed3d-4f7d-9eb8-b598e2a20d66,"Who is investigating the deaths ; the ship is in San Juan, Puerto Rico?",The FBI,holland america line,FALSE,FALSE
cnn-test-bcdb32ae644040a721da880fff9c1d502048cd8b,db56995b-c3b1-4975-9d6f-227d74d54cad,How many people does Holland America say died in an apparent murder - suicide?,two passengers,two,TRUE,TRUE
cnn-test-bcdb32ae644040a721da880fff9c1d502048cd8b,7ef5d690-6835-4c5a-afaf-4e80ed455c52,How does Holland America say two passengers died?,an apparent murder - suicide,inside their stateroom,FALSE,FALSE
cnn-test-bcdb32ae644040a721da880fff9c1d502048cd8b,487af0d5-645e-440d-97f2-4417dc558d70,The FBI is investigating the deaths ; where is the ship in Puerto Rico?,San Juan,"san juan , puerto rico",TRUE,TRUE
cnn-test-bcdb32ae644040a721da880fff9c1d502048cd8b,7ef5d690-6835-4c5a-afaf-4e80ed455c52,How does Holland America say two passengers died?,an apparent murder - suicide,murder - suicide,TRUE,TRUE
cnn-test-bcdb32ae644040a721da880fff9c1d502048cd8b,83c5f27b-a242-4afd-85a1-0229f5d93320,What is the FBI investigating?,the deaths,murder - suicide,FALSE,FALSE
cnn-test-bcdb32ae644040a721da880fff9c1d502048cd8b,7e65f550-ebf1-4091-bfe2-220ef593f4c7,What is the FBI investigating the deaths of?,the ship,murder - suicide,FALSE,FALSE
cnn-test-bcdb32ae644040a721da880fff9c1d502048cd8b,487af0d5-645e-440d-97f2-4417dc558d70,The FBI is investigating the deaths ; where is the ship in Puerto Rico?,San Juan,ms ryndam,FALSE,FALSE
cnn-test-bcdb32ae644040a721da880fff9c1d502048cd8b,02cbbe9c-259f-4f09-af20-b27ed819fb24,"The cabin was immediately secured and the authorities were notified, what says?",cruise line,cnn,FALSE,FALSE
cnn-test-bcdb32ae644040a721da880fff9c1d502048cd8b,cd4dbcc3-5cab-47fa-ad59-436f1ba11870,The cabin was immediately secured and who was notified?,the authorities,Holland America,FALSE,FALSE
cnn-test-bcdb32ae644040a721da880fff9c1d502048cd8b,02cbbe9c-259f-4f09-af20-b27ed819fb24,"The cabin was immediately secured and the authorities were notified, what says?",cruise line,Holland America,TRUE,TRUE
cnn-test-bcdb32ae644040a721da880fff9c1d502048cd8b,70bc6030-013c-4b40-8f22-2fb744c23588,Who says two passengers died in an apparent murder - suicide?,Holland America,fbi,FALSE,FALSE
cnn-test-bcdb32ae644040a721da880fff9c1d502048cd8b,02cbbe9c-259f-4f09-af20-b27ed819fb24,"The cabin was immediately secured and the authorities were notified, what says?",cruise line,fbi spokesman,FALSE,FALSE
cnn-test-bcdb32ae644040a721da880fff9c1d502048cd8b,9d2bf4de-ed3d-4f7d-9eb8-b598e2a20d66,"Who is investigating the deaths ; the ship is in San Juan, Puerto Rico?",The FBI,fbi,TRUE,TRUE
cnn-test-bcdb32ae644040a721da880fff9c1d502048cd8b,83c5f27b-a242-4afd-85a1-0229f5d93320,What is the FBI investigating?,the deaths,two passengers were found dead,TRUE,TRUE
cnn-test-bcdb32ae644040a721da880fff9c1d502048cd8b,a948e37b-05bf-4d67-a95c-7b877a3c36b3,Where is the FBI investigating the deaths?,Puerto Rico,on scene,FALSE,FALSE
cnn-test-bcdb32ae644040a721da880fff9c1d502048cd8b,cd4dbcc3-5cab-47fa-ad59-436f1ba11870,The cabin was immediately secured and who was notified?,the authorities,Puerto Rico Port Authority,TRUE,TRUE
cnn-test-bcdb32ae644040a721da880fff9c1d502048cd8b,02cbbe9c-259f-4f09-af20-b27ed819fb24,"The cabin was immediately secured and the authorities were notified, what says?",cruise line,Efran Santiago,FALSE,FALSE
cnn-test-bcdb32ae644040a721da880fff9c1d502048cd8b,9d2bf4de-ed3d-4f7d-9eb8-b598e2a20d66,"Who is investigating the deaths ; the ship is in San Juan, Puerto Rico?",The FBI,Puerto Rico Port Authority,FALSE,FALSE
cnn-test-bcdb32ae644040a721da880fff9c1d502048cd8b,cd4dbcc3-5cab-47fa-ad59-436f1ba11870,The cabin was immediately secured and who was notified?,the authorities,fbi,TRUE,TRUE
dm-test-d83b82a9cd504218e604616be3f3c3928e3428b8,24e5813d-ae1e-4e91-bc79-72f069d2ce3d,Arsenal need four'top quality'stars to challenge for what?,Premier League title,barclays premier league,TRUE,TRUE
dm-test-d83b82a9cd504218e604616be3f3c3928e3428b8,7202e00c-ccec-4f11-b012-f6892640fef0,The Sky Sports pundit does not believe Giroud can lead side to what?,glory,the gunners will struggle to win the league,FALSE,FALSE
dm-test-d83b82a9cd504218e604616be3f3c3928e3428b8,2f9d98fe-adcb-4721-b92a-4e45bffa4bbc,How many stars does Arsenal need to challenge for Premier League title?,four ' top quality ' stars,"arsenal need a goalkeeper , centre back , defensive midfielder and striker if they are to have any chance of winning the barclays premier league title .",TRUE,TRUE
dm-test-d83b82a9cd504218e604616be3f3c3928e3428b8,24e5813d-ae1e-4e91-bc79-72f069d2ce3d,Arsenal need four'top quality'stars to challenge for what?,Premier League title,"arsenal need a goalkeeper , centre back , defensive midfielder and striker if they are to have any chance of winning the barclays premier league title",FALSE,
dm-test-d83b82a9cd504218e604616be3f3c3928e3428b8,c5e407a2-0fe6-4b59-865d-9b079cc9ca21,Who does the Sky Sports pundit not believe can lead side to glory?,Giroud,olivier giroud in attack .,TRUE,TRUE
dm-test-d83b82a9cd504218e604616be3f3c3928e3428b8,7202e00c-ccec-4f11-b012-f6892640fef0,The Sky Sports pundit does not believe Giroud can lead side to what?,glory,winning the barclays premier league title,TRUE,TRUE
dm-test-d83b82a9cd504218e604616be3f3c3928e3428b8,24e5813d-ae1e-4e91-bc79-72f069d2ce3d,Arsenal need four'top quality'stars to challenge for what?,Premier League title,barclays premier league title,TRUE,TRUE
dm-test-d83b82a9cd504218e604616be3f3c3928e3428b8,cd20c7b8-7934-4f3e-981f-e24f9ba68b1f,Who drew 0 - 0 with Chelsea at the Emirates Stadium?,Henry 's former side,arsenal,TRUE,TRUE
dm-test-d83b82a9cd504218e604616be3f3c3928e3428b8,a5026e3d-be09-475f-a6d9-b76e95a4a1f6,Who does not believe Giroud can lead side to glory?,The Sky Sports pundit,thierry henry,TRUE,TRUE
dm-test-d83b82a9cd504218e604616be3f3c3928e3428b8,7202e00c-ccec-4f11-b012-f6892640fef0,The Sky Sports pundit does not believe Giroud can lead side to what?,glory,win the title,TRUE,TRUE
dm-test-d83b82a9cd504218e604616be3f3c3928e3428b8,66b1a3bd-012d-4302-9953-150e9214f1f6,After what draw did Thierry Henry hit out at Arsenal striker Olivier Giroud?,Chelsea,goalless draw with chelsea,TRUE,TRUE
dm-test-d83b82a9cd504218e604616be3f3c3928e3428b8,c5e407a2-0fe6-4b59-865d-9b079cc9ca21,Who does the Sky Sports pundit not believe can lead side to glory?,Giroud,thierry henry questioned whether arsenal can win the title .,FALSE,FALSE
dm-test-d83b82a9cd504218e604616be3f3c3928e3428b8,04c74f2d-cc78-46d1-95f0-41f7d96a3891,Who did Thierry Henry hit out at after Chelsea draw?,Arsenal striker Olivier Giroud,arsenal 's transfer business,FALSE,FALSE
dm-test-d83b82a9cd504218e604616be3f3c3928e3428b8,24e5813d-ae1e-4e91-bc79-72f069d2ce3d,Arsenal need four'top quality'stars to challenge for what?,Premier League title,win the league,TRUE,TRUE
dm-test-d83b82a9cd504218e604616be3f3c3928e3428b8,a5026e3d-be09-475f-a6d9-b76e95a4a1f6,Who does not believe Giroud can lead side to glory?,The Sky Sports pundit,Henry,TRUE,TRUE
dm-test-d83b82a9cd504218e604616be3f3c3928e3428b8,2f9d98fe-adcb-4721-b92a-4e45bffa4bbc,How many stars does Arsenal need to challenge for Premier League title?,four ' top quality ' stars,four,TRUE,TRUE
dm-test-d83b82a9cd504218e604616be3f3c3928e3428b8,24e5813d-ae1e-4e91-bc79-72f069d2ce3d,Arsenal need four'top quality'stars to challenge for what?,Premier League title,the title,TRUE,TRUE
dm-test-d83b82a9cd504218e604616be3f3c3928e3428b8,24e5813d-ae1e-4e91-bc79-72f069d2ce3d,Arsenal need four'top quality'stars to challenge for what?,Premier League title,win the title,TRUE,TRUE
dm-test-d83b82a9cd504218e604616be3f3c3928e3428b8,66b1a3bd-012d-4302-9953-150e9214f1f6,After what draw did Thierry Henry hit out at Arsenal striker Olivier Giroud?,Chelsea,sunderland -lrb- home -rrb- may 20,FALSE,FALSE
dm-test-d83b82a9cd504218e604616be3f3c3928e3428b8,c5e407a2-0fe6-4b59-865d-9b079cc9ca21,Who does the Sky Sports pundit not believe can lead side to glory?,Giroud,olivier giroud,TRUE,TRUE
dm-test-d83b82a9cd504218e604616be3f3c3928e3428b8,2f9d98fe-adcb-4721-b92a-4e45bffa4bbc,How many stars does Arsenal need to challenge for Premier League title?,four ' top quality ' stars,"Arsenal need a goalkeeper , centre back , defensive midfielder and striker in the summer .",TRUE,TRUE
dm-test-d83b82a9cd504218e604616be3f3c3928e3428b8,24e5813d-ae1e-4e91-bc79-72f069d2ce3d,Arsenal need four'top quality'stars to challenge for what?,Premier League title,"Arsenal need a goalkeeper , centre back , defensive midfielder and striker",FALSE,FALSE